Consiliul National de Solutionare a Contestatiilor - CNSC	National Council for Solving Complaints - NCSC	True	8617506	8617506	LATIN	LATIN	RO	RO
Gorečki Izvori	Кутлишта	False	8660411	8660413	LATIN	CYRILLIC	MK	MK
mkhfr hdwd alzyady alqdym	مخفر حدود الزيادي القديم	True	7375116	7375116	LATIN	ARABIC	IQ	IQ
Huangjuebu	san dao chao men	False	6873660	6873661	LATIN	LATIN	CN	CN
Lin-yüan T’i-fang	林園堤防	True	7501742	7501742	LATIN	CJK	TW	TW
Aş Şilşil	Āl an Nawāşirah	False	9976232	9976233	LATIN	LATIN	YE	YE
Marghan Gah	mrghan gah	True	7492552	7492552	LATIN	LATIN	IR	IR
byr alsltanyat	tl almwasb	False	6780262	6780263	LATIN	LATIN	IQ	IQ
Abu Tuhayji	Abū Tuwayjah	True	174325	174325	LATIN	LATIN	SY	SY
zhang ming	Fuchengtun	False	7536842	7536843	LATIN	LATIN	CN	CN
龙马乡	long ma	True	1280672	1280672	CJK	LATIN	CN	CN
Клавиль	Данвиль	False	6453885	6453888	CYRILLIC	CYRILLIC	FR	FR
Gōryak Ghunḏêy	Guryak Ghar	True	1473936	1473936	LATIN	LATIN	AF	AF
Kahak-e Lakī	Kahk-e Fatḩābād	False	129766	129767	LATIN	LATIN	IR	IR
Ala-Bel'	Ala-Bel’	True	8315542	8315542	LATIN	LATIN	KG	KG
花見坂	Onizu	False	10310917	10310918	CJK	LATIN	JP	JP
Ấp Hưng Yên	Hung Yen	True	1593250	1593250	LATIN	LATIN	VN	VN
ห้วยโกจาง	hwy kha han	False	7089968	7089969	THAI	LATIN	TH	TH
As Suwayḩil	As Suwayhil	True	11206709	11206709	LATIN	LATIN	QA	QA
白羊屋基	tai yang wan	False	10183598	10183599	CJK	LATIN	CN	CN
Ле-Сабль-д’Олон	LSO	True	2999683	2999683	CYRILLIC	LATIN	FR	FR
Asadabad	Kuh-e As	False	38626	38628	LATIN	LATIN	IR	IR
Зенфтенберг	Senftenberg	True	2765162	2765162	CYRILLIC	LATIN	AT	AT
Āghūz Kotī	Aghuz Koti	False	8121	8122	LATIN	LATIN	IR	IR
Kuh-e Chaleh-ye Shah	کوه چال شه	True	139263	139263	LATIN	ARABIC	IR	IR
Crique Petit Inini	Crique Coureni	False	3380645	3380650	LATIN	LATIN	GF	GF
Koradarah	kwrh drh	True	1135673	1135673	LATIN	LATIN	AF	AF
Koshara Beljajkina	Koshara Maseykina	False	7044794	7044795	LATIN	LATIN	RU	RU
北泊子	bei po zi	True	8427738	8427738	CJK	LATIN	CN	CN
Darreh-e Gurgowhar	Gurguray Algad	False	1140505	1140506	LATIN	LATIN	AF	AF
Beixiang	bei jiang	True	8540374	8540374	LATIN	LATIN	CN	CN
La Venta de Purisima	La Varita de Armendariz	False	3998862	3998878	LATIN	LATIN	MX	MX
บ้านนิคมพัฒนา	ban nikhm phatʹhna	True	9109911	9109911	THAI	LATIN	TH	TH
Fontene-le-Fleri	Fontne le Kont	False	3017919	3017921	LATIN	LATIN	FR	FR
Matabb Qa'ban	Maţabb Qa‘bān	True	93580	93580	LATIN	LATIN	IQ	IQ
Полевой Стан Мунке	Kol'toganskij Prud	False	8220791	8220804	CYRILLIC	LATIN	KZ	KZ
Linglongzhen	Linglong	True	1919129	1919129	LATIN	LATIN	CN	CN
As Suwaydi al `Amm	Shari` Sultanah	False	9095913	9095918	LATIN	LATIN	SA	SA
Fonggueidou Shan	Fengguidou Shan	True	1676655	1676655	LATIN	LATIN	TW	TW
吴家庄	da shu tun	False	9084407	9084408	CJK	LATIN	CN	CN
Llanfihangel	Llanfihangel-geneu'r-glyn	True	2644068	2644068	LATIN	LATIN	GB	GB
Ban Wean	Ban Wae	False	1612037	1612038	LATIN	LATIN	TH	TH
sha tuo lao er yao wu yi hai yi	Károlyfalva	True	715839	715839	LATIN	LATIN	HU	HU
Chashmeh-ye Alqameh	Alokhī	False	1161838	1161839	LATIN	LATIN	IR	IR
Hajjiabad	Hājīābād	True	132384	132384	LATIN	LATIN	IR	IR
Володарский	Ostanovochnyj Punkt 40 km	False	7754984	7754985	CYRILLIC	LATIN	RU	RU
Maḩalleh-ye Garmsar	محله گرم سر	True	37442	37442	LATIN	ARABIC	IR	IR
Хрепилево	Хрипань	False	549254	549255	CYRILLIC	CYRILLIC	RU	RU
Mowan	mo wan	True	10147517	10147517	LATIN	LATIN	CN	CN
ban dng khuy tı	Ban Dong Kui Nua	False	1619928	1619929	LATIN	LATIN	TH	TH
Tabare	Tabaré	True	4007435	4007435	LATIN	LATIN	MX	MX
Daryā-ye Shākh Darah	Shākhdār	False	1125768	1125769	LATIN	LATIN	AF	AF
Babinsk	Бобинск	True	7930637	7930637	LATIN	CYRILLIC	BY	BY
Arnes	arnprywr	False	5887135	5887214	LATIN	LATIN	CA	CA
Zaton	Zátoň	True	3061818	3061818	LATIN	LATIN	CZ	CZ
Yangjia	zhong da san	False	9941555	9941556	LATIN	LATIN	CN	CN
Lao'anquan	Lao’anquan	True	9615983	9615983	LATIN	LATIN	CN	CN
deuldoggol	godabli	False	6888200	6888201	LATIN	LATIN	KR	KR
Tŏksa-dong	덕사동	True	1888902	1888902	LATIN	CJK	KP	KP
Tarochina	Špāla	False	1473393	1473394	LATIN	LATIN	AF	AF
mo er wang de qu meng di ni	Монтіньї-ан-Морван	True	6438026	6438026	LATIN	CYRILLIC	FR	FR
คลองกลาง	คลองดุ	False	8065610	8065612	THAI	THAI	TH	TH
Стаклишкес	Stoklishki	True	594303	594303	CYRILLIC	LATIN	LT	LT
Karacaviran	Karacaören	False	310034	310035	LATIN	LATIN	TR	TR
Озеро Лейтимо-Ярви	Ozero Leytimo-Yarvi	True	535391	535391	CYRILLIC	LATIN	RU	RU
Gory Ottuk	Ottuk	False	1527526	1527528	LATIN	LATIN	KG	KG
剣丸尾	jian wan wei	True	10799611	10799611	CJK	LATIN	JP	JP
Sovetskij	Tsjurilovka	False	818539	818540	LATIN	LATIN	RU	RU
Qā‘ Mābīyah	Qa` Mabiyah	True	104654	104654	LATIN	LATIN	SA	SA
Bezvodyj	Stancija Bezvodovka	False	576478	576480	LATIN	LATIN	RU	RU
Kattskjæret	Kattskjeret	True	9709486	9709486	LATIN	LATIN	NO	NO
Reka Mokotun	Makar’yevskiy	False	2020563	2020564	LATIN	LATIN	RU	RU
Gmina Bojanowo	Бояново	True	7533567	7533567	LATIN	CYRILLIC	PL	PL
Shanbizi	Shanpai	False	1669690	1669691	LATIN	LATIN	TW	TW
Ministry of Finance	wzart almalyt	True	8149339	8149339	LATIN	LATIN	OM	OM
Chah-e Kuh Birin	Rostamabad-e Harandi	False	7034117	7034249	LATIN	LATIN	IR	IR
Guanxi	guan xi	True	11147067	11147067	LATIN	LATIN	CN	CN
Guohcavuopmi	Vuolevaggi	False	9752874	9752877	LATIN	LATIN	NO	NO
Khaapsal’skaya Bukhta	Hapsaler Bucht	True	592224	592224	LATIN	LATIN	EE	EE
Lapangan Terbang Kelowna	Lapangan Terbang Mayo	False	6296229	6296230	LATIN	LATIN	CA	CA
Novye Budy	Новые Буды	True	8047070	8047070	LATIN	CYRILLIC	BY	BY
Sovkhoz Shipunovskiy	Shipunovo	False	1492152	1492153	LATIN	LATIN	RU	RU
chshmh hzar chshmh	Cheshmeh-ye Hezar Cheshmeh	True	8372973	8372973	LATIN	LATIN	IR	IR
Fronsvollsmyrane	Tomasan	False	9586613	9586635	LATIN	LATIN	NO	NO
ban hnxng miphi sænsukh	บ้านหนองไม้ไผ่แสนสุข	True	9104710	9104710	LATIN	THAI	TH	TH
Ajmiriganj	Atrai	False	1185287	1185289	LATIN	LATIN	BD	BD
Падь Лариониха	Pad' Larionikha	True	8507972	8507972	CYRILLIC	LATIN	RU	RU
liu qi zhuang	北于家庄	False	9630519	9630520	LATIN	CJK	CN	CN
Kuangxie Xincun	K'uang-hsieh Hsin-ts'un	True	7501680	7501680	LATIN	LATIN	TW	TW
قلعه کهنه	مزرعه بندهای جیران	False	11180318	11180319	ARABIC	ARABIC	IR	IR
Subule	su bu lei	True	9091198	9091198	LATIN	LATIN	CN	CN
bao en si	杜家咀	False	6818641	6818642	LATIN	CJK	CN	CN
寺掌峪	Sizhangyu	True	11071107	11071107	CJK	LATIN	CN	CN
KBKS	Brown Kūn	False	4676548	4676632	LATIN	LATIN	US	US
Pekarshchina	Pekarshchyna	True	697775	697775	LATIN	LATIN	UA	UA
wad sri saxad	wad had thray kha	False	7683181	7683182	LATIN	LATIN	TH	TH
Sparboessan	Sparbossan	True	3213763	3213763	LATIN	LATIN	SE	SE
wang ling	wang tian	False	9901482	9901483	LATIN	LATIN	CN	CN
Zemcy	Земцы	True	7093980	7093980	LATIN	CYRILLIC	RU	RU
十棟寮	沙崙寮	False	6254074	6254075	CJK	CJK	TW	TW
Barid `Ayn as Sirah	بريد عين الصيرة	True	7922900	7922900	LATIN	ARABIC	EG	EG
Shadrina	Shadaron	False	2016881	2016882	LATIN	LATIN	RU	RU
Bjornalia	Bjørnalie	True	9535694	9535694	LATIN	LATIN	NO	NO
Kumbokota	Nirahirapa Island	False	2104331	2104343	LATIN	LATIN	SB	SB
Brottøy	Brotö	True	3159929	3159929	LATIN	LATIN	NO	NO
Тамбовка	Бухта Тамбей	False	1490193	1490196	CYRILLIC	CYRILLIC	RU	RU
Maraqqat `Abdullah	Maraqqat ‘Abdullah	True	93668	93668	LATIN	LATIN	IQ	IQ
Choqa Kabud	Chaqā Kabūd	False	24028	24029	LATIN	LATIN	IR	IR
yi er sang ge	Hirsingue	True	6441469	6441469	LATIN	LATIN	FR	FR
Lagrange  cabo	Labbe  Islotes	False	6626153	6626165	LATIN	LATIN	AQ	AQ
IXP	Pathankot Air Force Station	True	7668607	7668607	LATIN	LATIN	IN	IN
บ้านเสาวังคา	บ้านเสาธง	False	1613368	1613369	THAI	THAI	TH	TH
Žbandaji	Sbandati	True	3186692	3186692	LATIN	LATIN	HR	HR
โรงเรียนตาดีกาอัลฮีดายาตุลอิสลามียะห์	Matsayit Khoi Ri Ya	False	7000855	7000856	THAI	LATIN	TH	TH
Powaa	Pawaa	True	226780	226780	LATIN	LATIN	UG	UG
La Blanquita	Caserio La Bermeja	False	2516164	2516165	LATIN	LATIN	ES	ES
Isrundingen	Iskapp	True	2730491	2730491	LATIN	LATIN	SJ	SJ
Wādī ar Ribāţīyah	Jabal ar Ribatiyah	False	165324	165325	LATIN	LATIN	SY	SY
Gora Lari-Nau	Lār-e Nāw	True	1472758	1472758	LATIN	LATIN	AF	AF
Ar Ru’aysah	Er Rous	False	278463	278464	LATIN	LATIN	LB	LB
Tall Qaryaji	Tall Qaryājī	True	7352094	7352094	LATIN	LATIN	IQ	IQ
ysawl	yasy knd	False	22242	22243	LATIN	LATIN	IR	IR
名電長沢駅	Meiden Nagasawa-eki	True	7557770	7557770	CJK	LATIN	JP	JP
Syāhjar	پشتۀ گنده قوروغ	False	1466483	1466484	LATIN	ARABIC	AF	AF
Nawāgaon	Nawagaon	True	10735519	10735519	LATIN	LATIN	IN	IN
Ulilåmbåla	Gahpirláttu	False	9335813	9335821	LATIN	LATIN	NO	NO
AOR	Sultan Abdul Halim	True	6452629	6452629	LATIN	LATIN	MY	MY
Huai Khun Kaeo	Huai Khot	False	9875784	9875785	LATIN	LATIN	TH	TH
El-Khudârîya	alkhdaryt	True	360899	360899	LATIN	LATIN	EG	EG
Brindsjoen	Brickhøjden	False	2719285	2719296	LATIN	LATIN	SE	SE
ban lad tathaph	บ้านลัดตาทัพ	True	7507761	7507761	LATIN	THAI	TH	TH
sthani xnamay tabl non han	Sathani Anamai Tambon Chum Phae	False	9001305	9001306	LATIN	LATIN	TH	TH
Kajzersbakh	kai sai er si ba he	True	2894014	2894014	LATIN	LATIN	DE	DE
mu zhuang	qin zhuang	False	8561711	8561712	LATIN	LATIN	CN	CN
Qassab Mahalleh	Qaşşāb Deh	True	28613	28613	LATIN	LATIN	IR	IR
Xuena	shi cun	False	9088091	9088092	LATIN	LATIN	CN	CN
Ozero Lyaga	Ozero Ljaga	True	2115224	2115224	LATIN	LATIN	RU	RU
บ้านหนองงิ้ว	วัดคามวาสี	False	7676135	7676137	THAI	THAI	TH	TH
wady jrmtka	Wādī Charmahgā	True	7323716	7323716	LATIN	LATIN	IQ	IQ
老寨脚	Yuhechong	False	10365539	10365540	CJK	LATIN	CN	CN
Shīvān	shywan	True	90827	90827	LATIN	LATIN	IQ	IQ
Yonghŭng-ni	Tongohung-dong	False	1866287	1866288	LATIN	LATIN	KP	KP
Jiaoxi	jiao xi	True	8366017	8366017	LATIN	LATIN	CN	CN
ニョライドウガワ	Nagawa Ōhashi	False	8561532	8561533	CJK	LATIN	JP	JP
Первомайский	Pervomajskij	True	510922	510922	CYRILLIC	LATIN	RU	RU
rongreiyn ban hwy h wk cxmthxng	rongreiyn ban hnxng xu	False	8459620	8459621	LATIN	LATIN	TH	TH
Tongbyol-li	동변리	True	6892819	6892819	LATIN	CJK	KR	KR
Tali Lbeda Mare	Talhaïet Tassarât	False	2376501	2376503	LATIN	LATIN	MR	MR
As Sukkariyah	بير السكري	True	172422	172422	LATIN	ARABIC	SY	SY
Bol'shoe	Bol'shoye	False	573781	573782	LATIN	LATIN	RU	RU
Skakun'ya	Skakun’ya	True	7898629	7898629	LATIN	LATIN	RU	RU
Jazirat Shishat al `Ujawi	Jazirat ash Shi`sha`i	False	349102	349103	LATIN	LATIN	EG	EG
lian he qiao	Lianhe Qiao	True	8264607	8264607	LATIN	LATIN	CN	CN
Munamak	Mudam	False	741255	741256	LATIN	LATIN	TR	TR
blndh	Bulanḏeh	True	1146189	1146189	LATIN	LATIN	AF	AF
Horbat Zerifin	zmt ʻyn hqwrʼ	False	8427409	8427410	LATIN	LATIN	IL	IL
かわなべぐん	chuan bian jun	True	1859755	1859755	CJK	LATIN	JP	JP
zhu jia dian	Hujiawan	False	7653574	7653575	LATIN	LATIN	CN	CN
Vasil'yev	Wasylow	True	690401	690401	LATIN	LATIN	UA	UA
Gora Figuristyj Belok	Fes’ki	False	1506847	1506849	LATIN	LATIN	RU	RU
Serranias Avalanchas	Sierra Avalanchas	True	3899108	3899108	LATIN	LATIN	CL	CL
Bān Pan Jiang	Ban Pa Neng	False	1155366	1155367	LATIN	LATIN	TH	TH
Gora-Gryaz'	Gora-Gryaz’	True	560324	560324	LATIN	LATIN	RU	RU
Ostersjon	Østersjø	False	2685792	2685793	LATIN	LATIN	SE	SE
lie a a lei	Lie'ahele	True	8756896	8756896	LATIN	LATIN	CN	CN
قَلعِۀ چَمِ حِيدَ	چم هاشم	False	139166	139168	ARABIC	ARABIC	IR	IR
kwhi narih qyzy	Kuh-e Narreh Quzi	True	122608	122608	LATIN	LATIN	IR	IR
"Verb""yazh"	Vorby	False	689953	689954	LATIN	LATIN	UA	UA
باغ سالم	Bagh-e Salem	True	45568	45568	ARABIC	LATIN	IR	IR
Qarani az Zaytunah	Khallet ez Zaitoune	False	265861	265862	LATIN	LATIN	LB	LB
บ้านนาตอง	Ban Na Tong	True	8539379	8539379	THAI	LATIN	TH	TH
kwh mstr bl	Mist	False	1133488	1133490	LATIN	LATIN	AF	AF
盐水塘	Yanshuitang	True	9920480	9920480	CJK	LATIN	CN	CN
Kūh-e Abū ol Fatḩī	Tang-e ‘Abak	False	8522576	8522577	LATIN	LATIN	IR	IR
Holmsjön	Holmsjøn	True	2705220	2705220	LATIN	LATIN	SE	SE
Ylae-Haukijaervi	Ylä-Hanhijärvi	False	475365	475366	LATIN	LATIN	RU	RU
yu dian cun	Yudiancun	True	10442502	10442502	LATIN	LATIN	CN	CN
mei zi ya	zhu fu	False	8408652	8408653	LATIN	LATIN	CN	CN
โรงเรียนบ้านภูทอง	rongreiyn ban phu thxng	True	7878966	7878966	THAI	LATIN	TH	TH
چشمه زینعلی بلاغ	چشمه دوش بلاغی	False	8698929	8698930	ARABIC	ARABIC	IR	IR
Ḏe Saghāw Ṟōḏ	De Saghāb Rūd	True	1143195	1143195	LATIN	LATIN	AF	AF
柿树沟	dong sun wu	False	9119563	9119564	CJK	LATIN	CN	CN
Khlong Khreng	khlxng kherng	True	11066104	11066104	LATIN	LATIN	TH	TH
Hajjiabad	تل گچی	False	6875235	6875236	LATIN	ARABIC	IR	IR
Jabal Baykasīr	چياى بێ كەسير	True	445847	445847	LATIN	ARABIC	IQ	IQ
gongjaggol	문바위골	False	8992287	8992288	LATIN	CJK	KR	KR
Spaneika	Spanaiika	True	253403	253403	LATIN	LATIN	GR	GR
Balyra	Βαλιμίτικα	False	252334	252335	LATIN	GREEK	GR	GR
仉木章	zhang mu zhang	True	9089776	9089776	CJK	LATIN	CN	CN
Dobszyna	Dobra nad Ondavou	False	724893	724896	LATIN	LATIN	SK	SK
Izabellaföld	Izabellafold	True	3053261	3053261	LATIN	LATIN	HU	HU
Mys Pesalya	Bukhta Kamennaja	False	1540250	1540251	LATIN	LATIN	RU	RU
龙王许家	long wang xu jia	True	9497905	9497905	CJK	LATIN	CN	CN
มัสยิดยี่เด็นสอลิดิน	บ้านลำพิกุล	False	8228269	8228270	THAI	THAI	TH	TH
Pak Shek Au	bai shi ao	True	1819146	1819146	LATIN	LATIN	HK	HK
Huai Kok	ห้วยกอก	False	10195334	10195335	LATIN	THAI	TH	TH
Mullā Khēl	Mulla Khel	True	7564021	7564021	LATIN	LATIN	AF	AF
Mainpu	Main Qu	False	8045712	8045713	LATIN	LATIN	CN	CN
yu min tun	Yumintun	True	10967054	10967054	LATIN	LATIN	CN	CN
Kūh-e Takht-e Razmgāh	Kūh-e Tākak	False	1112517	1112518	LATIN	LATIN	IR	IR
اق داش	Āghdāsh	True	144679	144679	ARABIC	LATIN	IR	IR
Jamat Sar	Pindiāli	False	1335057	1335064	LATIN	LATIN	PK	PK
gilinmyeon	Kirin-myŏn	True	6815612	6815612	LATIN	LATIN	KR	KR
Manzendlovu	Masintantwe	False	968821	968824	LATIN	LATIN	ZA	ZA
Jianpo	jian po	True	10369495	10369495	LATIN	LATIN	CN	CN
Eastern Bengal Railway Bihariganj Branch	Narayanpur	False	10909790	10910011	LATIN	LATIN	IN	IN
yu er qi xi	Ürzig	True	2818121	2818121	LATIN	LATIN	DE	DE
Ashino	中長泥	False	8441681	8441683	LATIN	CJK	JP	JP
Besztercebányai járás	Banska Bystrica	True	3061185	3061185	LATIN	LATIN	SK	SK
Sagil	대선동	False	6802578	6802579	LATIN	CJK	KR	KR
Fuzha Chuandi	付榨船地	True	7757479	7757479	LATIN	CJK	CN	CN
Karīyan	kary	False	128653	128654	LATIN	LATIN	IR	IR
Nizhneye Apu	Asagi Apu	True	148487	148487	LATIN	LATIN	AZ	AZ
イシカワエキ	ぎじゅくこうこうまええき	False	7548514	7548515	CJK	CJK	JP	JP
Belén	Belem	True	3923259	3923259	LATIN	LATIN	BO	BO
Dasht-i-Shur	dsht shqyn	False	137222	137223	LATIN	LATIN	IR	IR
Kamrut Jare	Jar-e Kamrut	True	1448147	1448147	LATIN	LATIN	AF	AF
Jabal Yana'	Al Jubayyah Quḩayfah	False	7367201	7367220	LATIN	LATIN	YE	YE
Qabb Ilyas	Qabb Ilyās	True	269696	269696	LATIN	LATIN	LB	LB
Aliya Bole	Ali-Uakhil'	False	344190	344191	LATIN	LATIN	ET	ET
Persöfladan	Persofladan	True	634030	634030	LATIN	LATIN	FI	FI
Voznesenskij	Ольшанка	False	7457888	7457889	LATIN	CYRILLIC	RU	RU
Nandong	南董镇	True	1800102	1800102	LATIN	CJK	CN	CN
Хутор Старый Бытош	Staryj Buzets	False	488145	488146	CYRILLIC	LATIN	RU	RU
Тогузак	Toguzak	True	1489498	1489498	CYRILLIC	LATIN	RU	RU
Banling	guang pa	False	9987022	9987023	LATIN	LATIN	CN	CN
کوه کلاتوک	kwh klatwk	True	9116989	9116989	ARABIC	LATIN	IR	IR
Mæla	Mægta	False	3146189	3146190	LATIN	LATIN	NO	NO
Ban Phraek Yo	บ้านแพรกยอ	True	8538951	8538951	LATIN	THAI	TH	TH
สถานีอนามัยบ้านปลายน้ำ	สถานีอนามัยควนสุบรรณ	False	8324687	8324688	THAI	THAI	TH	TH
Hương Xa	Huong Xa	True	1580084	1580084	LATIN	LATIN	VN	VN
감암리	song-amsa	False	6898249	6898250	CJK	LATIN	KR	KR
kh nyk	Gora Nayak	True	1458111	1458111	LATIN	LATIN	AF	AF
sthani xnamay banna tham	sthani xnamay ban nonsaxad	False	8036805	8036807	LATIN	LATIN	TH	TH
Дибин	Dibbin	True	170689	170689	CYRILLIC	LATIN	SY	SY
Bol'shiye Zolotartsy	Дудино	False	6268929	6268931	LATIN	CYRILLIC	RU	RU
Eskīūnak	Eskayunak	True	135179	135179	LATIN	LATIN	IR	IR
Granata	Grana	False	2517115	2517117	LATIN	LATIN	ES	ES
قرية صاحب آل شجر	Qaryat Sahib Al Shajar	True	6789459	6789459	ARABIC	LATIN	IQ	IQ
Ciribushevo	Cip'ja	False	480860	480861	LATIN	LATIN	RU	RU
Zimov’ye Pervushino	Pervushino	True	2012473	2012473	LATIN	LATIN	RU	RU
Soksa-gol	Chuksan-dong	False	1888949	1888950	LATIN	LATIN	KP	KP
‘Ezbet el-Zeini Qinâwi	‘Izbat az Zaynī Qināwī	True	346052	346052	LATIN	LATIN	EG	EG
Mariamaïne	Maryamayn	False	167176	167177	LATIN	LATIN	SY	SY
麒麟圍	Kei Lun Wai	True	1819644	1819644	CJK	LATIN	HK	HK
Chah-e Khaneh-ye Navaiyeh Pa'in	Chāh-e Nām Āvar Shomāreh Yek	False	10315186	10315187	LATIN	LATIN	IR	IR
Dashi	da shi	True	1922147	1922147	LATIN	LATIN	CN	CN
高嘴镇	永城镇	False	8640908	8640909	CJK	CJK	CN	CN
الرشدية	Ar Rashdiyah	True	6763890	6763890	ARABIC	LATIN	IQ	IQ
Proletarskiy	Пристань Дмитриевы Горы	False	7690991	7690996	LATIN	CYRILLIC	RU	RU
Lung-ch'uan-chen	Longchuan	True	1802682	1802682	LATIN	LATIN	CN	CN
duo bu he	大山里	False	6874555	6874556	LATIN	CJK	CN	CN
Ánidhron	Anydro	True	736833	736833	LATIN	LATIN	GR	GR
Shahrdari-ye Mantaqeh-ye Seh	shhrdary mrkz	False	10944188	10944189	LATIN	LATIN	IR	IR
Hirakawa-eki	平川駅	True	7563579	7563579	LATIN	CJK	JP	JP
xi nie zhuang	Hubulizhuang	False	9528337	9528338	LATIN	LATIN	CN	CN
Xixiahui	xi xia hui	True	7734295	7734295	LATIN	LATIN	CN	CN
尖尖墩台	兴水四队	False	10648432	10648433	CJK	CJK	CN	CN
Gurrujakka	Guro	True	779724	779724	LATIN	LATIN	NO	NO
Staraya Knyas’pa	Novaya Knyas'pa	False	547148	547149	LATIN	LATIN	RU	RU
Шипковица	Schipkowiz	True	727290	727290	CYRILLIC	LATIN	BG	BG
법보사	Nung-dong	False	6274822	6274823	CJK	LATIN	KR	KR
آبشار تميره	Abshar-e Tamireh	True	8441548	8441548	ARABIC	LATIN	IR	IR
Wadi Buwaykhah	Wadi al `Urayij	False	6763584	6763585	LATIN	LATIN	IQ	IQ
Ma`tan Bu Nagrah	Maaten Bu Nógra	True	2218189	2218189	LATIN	LATIN	LY	LY
Lubok Jambi	Lubukcempedak	False	1637173	1637178	LATIN	LATIN	ID	ID
Eisfelder Thalmühle	Eisfelder Talmuehle	True	2931432	2931432	LATIN	LATIN	DE	DE
Sangpo	zhu jiao	False	9905856	9905857	LATIN	LATIN	CN	CN
Chrak Phnum Pich Nil	Chrâk Phnŭm Pich Nil	True	1830158	1830158	LATIN	LATIN	KH	KH
Einmlapp Island	Een-to	False	2080598	2080599	LATIN	LATIN	MH	MH
Ip’yŏng-ni	Ip’yŏng-dong	True	2043704	2043704	LATIN	LATIN	KP	KP
Sherokyan	Ḧisqêl	False	391077	391078	LATIN	LATIN	IQ	IQ
qaynjt	Qaynjah	True	92685	92685	LATIN	LATIN	IQ	IQ
الرصعة العليا	الرصعة السفلى	False	9634527	9634528	ARABIC	ARABIC	YE	YE
Wadi Zu'anah	Wādī Zu’ānah	True	265788	265788	LATIN	LATIN	LB	LB
li jia cun	lu bu ya kou	False	10141607	10141608	LATIN	LATIN	CN	CN
สถานีอนามัยลำเพียก	sthani xnamay la phei yk	True	9106897	9106897	THAI	LATIN	TH	TH
Tikus Island	Bukit Tikung	False	1623897	1623901	LATIN	LATIN	ID	ID
Cerro Cónico	Nevado Cónico	True	3878708	3878708	LATIN	LATIN	CL	CL
Nizhniy Bilyatay	Nizhniye Bereshki	False	520763	520764	LATIN	LATIN	RU	RU
Senju-okawacho	Senju-ōkawachō	True	10987957	10987957	LATIN	LATIN	JP	JP
Kuh-e Sabzi	Kuh-e Nasum Tarkideh	False	10029520	10029524	LATIN	LATIN	IR	IR
Starshee	Starsheye	True	488194	488194	LATIN	LATIN	RU	RU
Salih Kazim Khudayr	Sayyid Kazim `Abbas	False	6787952	6787953	LATIN	LATIN	IQ	IQ
Rancaciov	Rincaciov	True	668871	668871	LATIN	LATIN	RO	RO
Kohe Sokhta	Kuh-e Daghmordeh	False	1457835	1457836	LATIN	LATIN	AF	AF
陈家上庄子	chen jia shang zhuang zi	True	10644387	10644387	CJK	LATIN	CN	CN
kao shan	Qianjin	False	8439617	8439618	LATIN	LATIN	CN	CN
Ang Kep Nam Huai Khlong Toei	xang keb na hwy khlxngtey	True	8397442	8397442	LATIN	LATIN	TH	TH
jun de qiao	xia yang si zu	False	11080535	11080536	LATIN	LATIN	CN	CN
Sukhawali	Sohlewali	True	1370469	1370469	LATIN	LATIN	PK	PK
Kolodec Boldy	Юрта	False	10372852	10372858	LATIN	CYRILLIC	KZ	KZ
sheng li gong she	ri xing xiang	True	8049739	8049739	LATIN	LATIN	CN	CN
qiao mai tang	sha keng yuan	False	7752848	7752849	LATIN	LATIN	CN	CN
平野駅	Hirano-eki	True	7549722	7549722	CJK	LATIN	JP	JP
Yufu-dake	Yudono San	False	1848122	1848123	LATIN	LATIN	JP	JP
Rilabergen	Riła	True	727629	727629	LATIN	LATIN	BG	BG
Tovarnyy	Tovarkovskij	False	481937	481938	LATIN	LATIN	RU	RU
Hubārīyah	Khirbat al Hubayriyah	True	169543	169543	LATIN	LATIN	SY	SY
奥尔维拉	lota	False	6356939	6356945	CJK	LATIN	ES	ES
Yerlyki	Jeriki	True	459268	459268	LATIN	LATIN	RU	RU
Lugovoj	Луговой	False	2020677	2020678	LATIN	CYRILLIC	RU	RU
Ho-lin-t’u	Horim-tu	True	2030352	2030352	LATIN	LATIN	MN	MN
Shumnyy	Mys Lezhbishchnyy	False	2131427	2131430	LATIN	LATIN	RU	RU
fu lei si na	frn	True	6613139	6613139	LATIN	LATIN	FR	FR
Tal-san	Taesong-san	False	6900259	6900260	LATIN	LATIN	KR	KR
Khao Chak Lap	khea cha klab	True	7922356	7922356	LATIN	LATIN	TH	TH
Xujia	miao jia	False	7064865	7064866	LATIN	LATIN	CN	CN
Малые Кирмени	Malyye Kirmeni	True	530153	530153	CYRILLIC	LATIN	RU	RU
khea hwy na	เขาน้ำซับแขวน	False	8568359	8568360	LATIN	THAI	TH	TH
Мыс Лодейский	Mys Lodeyskiy	True	872908	872908	CYRILLIC	LATIN	RU	RU
Gebel Gineina el-Sharqi	Jabal Junaynah al Gharbiyah	False	354952	354953	LATIN	LATIN	EG	EG
Jung-hua-p’ing	Jung-hua-p'ing	True	1816166	1816166	LATIN	LATIN	CN	CN
feng gang xiang	Yihuang Xian	False	1811377	1811378	LATIN	LATIN	CN	CN
Bīḑ	Biz	True	107457	107457	LATIN	LATIN	SA	SA
qm yk	qumyk	False	10009	10010	LATIN	LATIN	IR	IR
Kūh-e Balūrān	Kuh-e Sar Hul	True	8229837	8229837	LATIN	LATIN	IR	IR
Shomalak	Shomali Zanki	False	1125678	1125679	LATIN	LATIN	AF	AF
پا قلعه	Pa'in Qal`eh	True	121490	121490	ARABIC	LATIN	IR	IR
Gora Gavkush	blnd qash	False	1456995	1456996	LATIN	LATIN	AF	AF
Kalāteh-ye Tūyeh	Kalateh-ye Tuyeh	True	7848463	7848463	LATIN	LATIN	IR	IR
nan guan dang	shuang fu yang	False	1904511	1904512	LATIN	LATIN	CN	CN
Hasankoy	Aliköy	True	745797	745797	LATIN	LATIN	TR	TR
Munhakgyeonggijang	Seonhagyeok	False	11230013	11230014	LATIN	LATIN	KR	KR
xu jia men	徐家门	True	7734527	7734527	LATIN	CJK	CN	CN
chou shui dong	xiao pu chai he	False	7578201	7578202	LATIN	LATIN	CN	CN
下板桥	xia ban qiao	True	10145032	10145032	CJK	LATIN	CN	CN
wady aldʿb	‘Uyūn adh Dhi’b	False	249666	249667	LATIN	LATIN	JO	JO
Ch'ing-yeh Ch'iao	Ch’ing-yeh Ch’iao	True	1678049	1678049	LATIN	LATIN	TW	TW
Rong Rian Arun Withaya	rong phyabal x nanth mhidl	False	1595225	1595226	LATIN	LATIN	TH	TH
Angles-sur-l'Anglin	Англь-сюр-л'Англен	True	3037613	3037613	LATIN	CYRILLIC	FR	FR
源左衛門新田	Sashima	False	11035697	11035698	CJK	LATIN	JP	JP
Konārū	کنارو	True	7058344	7058344	LATIN	ARABIC	IR	IR
燕埚里	fen shui ao	False	7744824	7744825	CJK	LATIN	CN	CN
おおわだ	Ōwada	True	8539626	8539626	CJK	LATIN	JP	JP
Morona-Santiago	Canton Morona	False	3654005	3654006	LATIN	LATIN	EC	EC
Tabei	ta bei	True	8444917	8444917	LATIN	LATIN	CN	CN
Farewell Point	Elsehul	False	3426491	3426498	LATIN	LATIN	GS	GS
かすみがおか	カスミガオカ	True	11081647	11081647	CJK	CJK	JP	JP
Новолузино	Новолузано	False	1496972	1496973	CYRILLIC	CYRILLIC	RU	RU
梅李山	Meilishan	True	6842417	6842417	CJK	LATIN	CN	CN
ヒラ根	カド根	False	9644829	9644830	CJK	CJK	JP	JP
کوه نفيس آباد	Kūh-e Nafīsābād	True	8661109	8661109	ARABIC	LATIN	IR	IR
gdar kmbw	مرغاب	False	7542035	7542036	LATIN	ARABIC	IR	IR
Purisima de Temascatio	Purisima de Arriba	True	4024295	4024295	LATIN	LATIN	MX	MX
Batey El Pinon	El Patron	False	3560207	3560223	LATIN	LATIN	CU	CU
ding zhang ying	Dingzhangying	True	7051692	7051692	LATIN	LATIN	CN	CN
Ozero Maloye Zakhar’yevo	Zakhar’yevo	False	8072600	8072601	LATIN	LATIN	RU	RU
Abū ‘Arīn	أبو عرين	True	11207197	11207197	LATIN	ARABIC	QA	QA
Banī Jamrah	Port lotniczy Bahrajn	False	290287	290288	LATIN	LATIN	BH	BH
Huai Noi	ห้วยน้อย	True	10205816	10205816	LATIN	THAI	TH	TH
Muzan Zhen	Huangcaoba	False	8696229	8696230	LATIN	LATIN	CN	CN
บ้านหนองกาทอง	ban hnxng ka thxng	True	1155851	1155851	THAI	LATIN	TH	TH
kang tuo ka yi ku mu	科克肉玛	False	9078007	9078008	LATIN	CJK	CN	CN
Al Asla`	Mahall Darwish Ahmad	True	7365487	7365487	LATIN	LATIN	YE	YE
Tall-e Boland	Kalūk	False	6987083	6987084	LATIN	LATIN	IR	IR
Lyrskjeret	Lyrskjaeret	True	9714196	9714196	LATIN	LATIN	NO	NO
夏家屯	nan ji	False	7396554	7396555	CJK	LATIN	CN	CN
گَردِنَك	Gardanga	True	134064	134064	ARABIC	LATIN	IR	IR
Hanqiugou	xi gou	False	10404467	10404468	LATIN	LATIN	CN	CN
rongreiyn ban sa neiyn	Rongrian Ban Sanian	True	8231141	8231141	LATIN	LATIN	TH	TH
چشمه بدشیرو	مزرعه جعفر آباد	False	10410824	10410825	ARABIC	ARABIC	IR	IR
カルヴァリア・ゼブジトフスカ	ka er wa li ya-ze bu ri duo fu si ka	True	3096852	3096852	CJK	LATIN	PL	PL
Huajiangou	wang jia po	False	8510041	8510042	LATIN	LATIN	CN	CN
Nab‘ al Murayghah	nbʿ almryght	True	247875	247875	LATIN	LATIN	JO	JO
Sopka Severnaya	Sopka Pjatnis-Seda	False	870935	870936	LATIN	LATIN	RU	RU
วัดสองคอนดอนสวรรค์	Wat Song Khon Don Sawan	True	9003386	9003386	THAI	LATIN	TH	TH
L’Étang-la-Ville	Sommet Taillefer	False	2999281	2999295	LATIN	LATIN	FR	FR
Bilémésé	Messe	True	2234119	2234119	LATIN	LATIN	CM	CM
Čevnomovci	Sveti Nicola	False	732518	732519	LATIN	LATIN	BG	BG
Lāngaljura	Langaljura	True	1196175	1196175	LATIN	LATIN	BD	BD
芭蕉林	Hongqi	False	10006205	10006206	CJK	LATIN	CN	CN
Beylerköyü	Beylerkoyu	True	750657	750657	LATIN	LATIN	TR	TR
wen li	徐家沟	False	10163428	10163429	LATIN	CJK	CN	CN
zaghy	Zaghay	True	1436887	1436887	LATIN	LATIN	AF	AF
Perekat Gianskij	Perekat Troitskiy	False	6900981	6900982	LATIN	LATIN	RU	RU
Eslāmābād	اسلام آباد	True	15031	15031	LATIN	ARABIC	IR	IR
Rétitanyák	Retitanya	False	716095	716097	LATIN	LATIN	HU	HU
Rongrian Ban Hua Sai Khuan	rongreiyn ban hawthir khwn	True	7887679	7887679	LATIN	LATIN	TH	TH
ウチグワ	ヨコテ	False	11192335	11192336	CJK	CJK	JP	JP
shui shen da qiao	Suijin Ohashi	True	10921006	10921006	LATIN	LATIN	JP	JP
Aylāq-e Tāgāb Baṟsaṟ	Darrah-i-Cāṟ Sū	False	1468395	1468396	LATIN	LATIN	AF	AF
Krestovaja	Krestovaya	True	2021540	2021540	LATIN	LATIN	RU	RU
Juna Khān Unar	Faqu Kalāchi	False	1401195	1401196	LATIN	LATIN	PK	PK
Djeddeïne	Djeddeine	True	169097	169097	LATIN	LATIN	SY	SY
Frænkel Halvo	Fossil Mountain	False	3423785	3423789	LATIN	LATIN	GL	GL
Kaôh Chap	Kas Chap	True	1831721	1831721	LATIN	LATIN	KH	KH
کوه گوش هاجر	Garāb	False	7334038	7334039	ARABIC	LATIN	IR	IR
Funduq al Andalus	Al Andalus Guest Hotel	True	8075561	8075561	LATIN	LATIN	PS	PS
Lapteva	Vorob'yevka	False	1542658	1542659	LATIN	LATIN	RU	RU
H̱orbat ‘Ammudim	Horbat Ammudim	True	8183869	8183869	LATIN	LATIN	IL	IL
Rudkhaneh-ye Gelal Sar Bisheh-ye Kohneg	Ziaratgah-e Pir Maqsud	False	6660572	6660573	LATIN	LATIN	IR	IR
wu jia ling	Wujialing	True	7066099	7066099	LATIN	LATIN	CN	CN
گرمابک	Garmabak	False	1141795	1141796	ARABIC	LATIN	AF	AF
Bozköy	Bozkoy	True	320615	320615	LATIN	LATIN	TR	TR
Tall Kāz̧im	Arāḑī ar Raḩmāyah	False	7011720	7011721	LATIN	LATIN	IQ	IQ
art khwajh	Ārt Khwājah	True	1465311	1465311	LATIN	LATIN	AF	AF
qie hu xi er wa nie yi	Csehètfalva	False	682442	682443	LATIN	LATIN	RO	RO
Yeniköy	Yenikoy	True	297013	297013	LATIN	LATIN	TR	TR
Xiaokeliao	Siaokengzih	False	1675614	1675615	LATIN	LATIN	TW	TW
罗家坝	Luojiaba	True	6912569	6912569	CJK	LATIN	CN	CN
น้ำแหด	Huai Haen Luang	False	1596840	1596841	THAI	LATIN	TH	TH
Pohyon-sa	bohyeonsa	True	2054696	2054696	LATIN	LATIN	KP	KP
Galaxídhion	Galatzóna	False	262133	262134	LATIN	LATIN	GR	GR
Phumĭ Réav	Phumi Riev	True	1825459	1825459	LATIN	LATIN	KH	KH
Lang Ché	Thi Tran Dinh Ca	False	1583390	1583393	LATIN	LATIN	VN	VN
Sergievka	Sergijevka	True	496626	496626	LATIN	LATIN	RU	RU
Ланценкирхен	Lannakh	False	2772942	2772961	CYRILLIC	LATIN	AT	AT
Boboviki	Бабовики	True	630074	630074	LATIN	CYRILLIC	BY	BY
yu jing xiang	san hui zhen	False	9631793	9631794	LATIN	LATIN	CN	CN
Mazra`eh-ye Jannatabad	مزرعه جنت آباد	True	10413034	10413034	LATIN	ARABIC	IR	IR
Rio Lualuta Uandendé	Luate	False	3347771	3347775	LATIN	LATIN	AO	AO
Shoton	Shiodo	True	1851706	1851706	LATIN	LATIN	JP	JP
Balka Bol’shoy Barak	NikIin-KhitIa	False	796469	796470	LATIN	LATIN	RU	RU
Sandback	Norra Sandbäcksgrunden	True	637815	637815	LATIN	LATIN	AX	AX
เขาเตนตวง	Tangyi Taung	False	1294484	1294541	THAI	LATIN	MM	MM
Masjid `Atiyah	مسجد عطية	True	7475258	7475258	LATIN	ARABIC	YE	YE
Gora Zamburkhan	Korawe Mansur	False	6252146	6252147	LATIN	LATIN	AF	AF
Бычковы	Bychkovy	True	570379	570379	CYRILLIC	LATIN	RU	RU
Katah Koh	Kaţah Khēl	False	1137704	1137705	LATIN	LATIN	AF	AF
詹家桥	zhan jia qiao	True	7661728	7661728	CJK	LATIN	CN	CN
Qal‘a Afanḏi	‘Alī Gul	False	1473248	1473249	LATIN	LATIN	AF	AF
尾平野	Obirano	True	1854810	1854810	CJK	LATIN	JP	JP
Canon La Virgen	Rancho El Violín	False	3514647	3514649	LATIN	LATIN	MX	MX
サンノウ	shan wang	True	11106626	11106626	CJK	LATIN	JP	JP
tazih kandi baba ganjih	Tazeh Kand-e Afshar	False	18507	18508	LATIN	LATIN	IR	IR
Ban Rat Phatthana	ban rasʹdrphatʹhna	True	9283749	9283749	LATIN	LATIN	TH	TH
Meiziliao	Mei-tzu-liao	False	1671999	1672000	LATIN	LATIN	TW	TW
Urochishche Strel'bishche	Urochishhe Strel'bishe	True	8253617	8253617	LATIN	LATIN	RU	RU
Wadi el-Nuqra	Nuqbas	False	350932	350933	LATIN	LATIN	EG	EG
Kohe Cahāṟmaghz	Kōh-e Chahār Maghz	True	1471397	1471397	LATIN	LATIN	AF	AF
Пески Карагайлы	Летник Айбутали	False	10847147	10847149	CYRILLIC	CYRILLIC	KZ	KZ
水坑里	shui keng li	True	10327753	10327753	CJK	LATIN	CN	CN
Budalyk	Bura-Chato	False	1528621	1528626	LATIN	LATIN	KG	KG
Bālā Golemā	Golmā-ye Bālā	True	11742	11742	LATIN	LATIN	IR	IR
gwilaglodongjagu	Kwirak-tong	False	2043017	2043018	LATIN	LATIN	KP	KP
Kotamadya Pasuruan	Pasoeroean	True	1632031	1632031	LATIN	LATIN	ID	ID
Rychkovo	Rytsjkovka	False	1493322	1493324	LATIN	LATIN	RU	RU
guo jia ya	Guojiaya	True	8510121	8510121	LATIN	LATIN	CN	CN
Nalyuchi	Gora Nalvayvish'	False	523505	523506	LATIN	LATIN	RU	RU
Zhouxu	Zhouxu Xiang	True	8639125	8639125	LATIN	LATIN	CN	CN
Tol-e Semengi	Taqiabad	False	48807	48811	LATIN	LATIN	IR	IR
Tiqqi (CR)	Tiqqi (Commune Rurale)	True	6545759	6545759	LATIN	LATIN	MA	MA
gu liu	Gumaokou	False	9933777	9933778	LATIN	LATIN	CN	CN
Bayt Abu Hadi	Bayt Abū Hādī	True	9975748	9975748	LATIN	LATIN	YE	YE
Rio Curuca	Ponta do Capim Azul	False	3401330	3401344	LATIN	LATIN	BR	BR
Vinnesvagen,vestre	Vestre Vinnesvagen	True	9609236	9609236	LATIN	LATIN	NO	NO
龙祠村	老湾村	False	10416856	10416857	CJK	CJK	CN	CN
Sahra' Awbari	Edeien	True	2485742	2485742	LATIN	LATIN	DZ	DZ
Anfijld	ਮਾਕਰੋਨ ਸਟੇਡੀਅਮ	False	6288575	6288577	LATIN	GURMUKHI	GB	GB
Pridnestrovskoye	Targul Vertiujeni	True	617554	617554	LATIN	LATIN	MD	MD
wu ji tou	Dafeng’ao	False	11179084	11179085	LATIN	LATIN	CN	CN
Ban Lan Krabu	บ้านลานกระบือ	True	1119276	1119276	LATIN	THAI	TH	TH
zhang xia cun	feng xi	False	11048056	11048057	LATIN	LATIN	CN	CN
zhang gu ye yi	nagataninoeki	True	7558625	7558625	LATIN	LATIN	JP	JP
بوم	Bum	False	1146166	1146167	ARABIC	LATIN	AF	AF
Chichihualtepec	San José Chichihualtepec	True	3801166	3801166	LATIN	LATIN	MX	MX
Zhangdi	Yandou	False	8574853	8574854	LATIN	LATIN	CN	CN
Umria	Jhukar	True	10479703	10479703	LATIN	LATIN	IN	IN
Dumbai	Dumankumawodua	False	2301424	2301427	LATIN	LATIN	GH	GH
Ouadi el Meis	Ouâdi el Meïs	True	270771	270771	LATIN	LATIN	LB	LB
โรงเรียนบ้านวังหินซอง	Rongrian Ban Wang Chae Kloi	False	8565943	8565944	THAI	LATIN	TH	TH
Abalakli	Abalaklı	True	437894	437894	LATIN	LATIN	TR	TR
Unbongsan	개좌산	False	1978957	1978959	LATIN	CJK	KR	KR
Qingliwang	青里王	True	7883682	7883682	LATIN	CJK	CN	CN
บ้านเลิงสีดา	บ้านป่าหญ้าคา	False	8320928	8320929	THAI	THAI	TH	TH
Ziblingen	Siblingen	True	2658609	2658609	LATIN	LATIN	CH	CH
Korongoy-Beri	Kolomba	False	2454642	2454651	LATIN	LATIN	ML	ML
Kūh-e ‘Alī Bakhshī	Kuh-e `Ali Bakhshi	True	7414698	7414698	LATIN	LATIN	IR	IR
Khalifeh Hesar-e Milan	Khalifeh Bolaghi	False	128048	128049	LATIN	LATIN	IR	IR
Cheranio	K’eranyo	True	333314	333314	LATIN	LATIN	ET	ET
hou ling	xin she bei	False	8235510	8235511	LATIN	LATIN	CN	CN
Gebel en-Nuss	Jabal an Nusf	True	2214313	2214313	LATIN	LATIN	LY	LY
Kohyŏl-li	gohyeon	False	1875843	1875844	LATIN	LATIN	KP	KP
Kūh-e Chāl Sorkh	kwh chal srkh	True	10349536	10349536	LATIN	LATIN	IR	IR
Ko'hnaqazgan Quduq	Kul’-Tusun	False	1513396	1513407	LATIN	LATIN	UZ	UZ
Dögnük	Dognuk	True	316215	316215	LATIN	LATIN	TR	TR
Erdene Sum	Erdenebueren Sum	False	6619099	6619109	LATIN	LATIN	MN	MN
Zengjiachong	曾家冲	True	10420839	10420839	LATIN	CJK	CN	CN
El Granero	Cerro Mamijaqui	False	3970414	3970451	LATIN	LATIN	MX	MX
Zaṟṯāle’ Mānḏeh	Zartale` Mandeh	True	1444215	1444215	LATIN	LATIN	AF	AF
Sand Islet	Wichukuna	False	2081225	2081227	LATIN	LATIN	FM	FM
Wallenbergfjellet	Mount Wallenberg	True	2727862	2727862	LATIN	LATIN	SJ	SJ
Moulentâr	Mouïzenaïa	False	2453285	2453288	LATIN	LATIN	ML	ML
Fil's	flz	True	7873699	7873699	LATIN	LATIN	AT	AT
السويس	Hibshah	False	7753576	7753577	ARABIC	LATIN	YE	YE
bijobong	Baja-bong	True	1948397	1948397	LATIN	LATIN	KR	KR
Найман-Бұқарбай	Kolodets Mullakenzhe	False	1537091	1537093	CYRILLIC	LATIN	KZ	KZ
Gardanah-ye Khūnjī	Khonji Kowtal	True	1136398	1136398	LATIN	LATIN	AF	AF
Rudnya-Viktorinskaya	Rudnya-Valavskaya	False	622544	622545	LATIN	LATIN	BY	BY
tian shan	Tianshan	True	8573851	8573851	LATIN	LATIN	CN	CN
Nes	Neslon	False	2628026	2628036	LATIN	LATIN	IS	IS
bsatyn syd rbat	Basatin Sayyid Rabbat	True	6787916	6787916	LATIN	LATIN	IQ	IQ
Hacienda San Ramon	Canton San Rafael	False	3583375	3583377	LATIN	LATIN	SV	SV
정릉터널	jeongleungteoneol	True	8429488	8429488	CJK	LATIN	KR	KR
Dabro	Būli	False	7497801	7497802	LATIN	LATIN	PK	PK
Xerovoúni	Cheróvouno	True	260005	260005	LATIN	LATIN	GR	GR
Kārkhāneh-ye Oksīzhen-e Golestān	Kārkhāneh-ye Patū-ye Golbāft	False	11146011	11146012	LATIN	LATIN	IR	IR
Jataí	Jatai	True	3460064	3460064	LATIN	LATIN	BR	BR
Rabon	El Quequexquillo	False	3596384	3596394	LATIN	LATIN	GT	GT
Björkedalsvand	Birkedals Vatn	True	3161350	3161350	LATIN	LATIN	NO	NO
شعب الأدبر	مسقى آل صالح	False	7341226	7341228	ARABIC	ARABIC	YE	YE
jiu tian	Hisada	True	8529553	8529553	LATIN	LATIN	JP	JP
Murgi 2-je	Murgazejevo	False	524316	524317	LATIN	LATIN	RU	RU
rongreiyn phon ngam withyakhar	Rongrian Phon Ngam Witthayakhan	True	8671867	8671867	LATIN	LATIN	TH	TH
Khrebet Mykhtokyan	Qala Stansiyası	False	800657	800659	LATIN	LATIN	AZ	AZ
Киёвец	Kiyëvets	True	627250	627250	CYRILLIC	LATIN	BY	BY
Tejon Pass	テメキュラ	False	5401336	5401395	LATIN	CJK	US	US
Emmenbrücke Gersag, Bahnhof	Emmenbruecke Gersag  Bahnhof	True	10392485	10392485	LATIN	LATIN	CH	CH
Sovetskiy	Sovetskij	False	1491235	1491236	LATIN	LATIN	RU	RU
Kelāgar Maḩalleh	كِلاگَر مَحَلِه	True	11542	11542	LATIN	ARABIC	IR	IR
Vatonda	Nea Sampsounta	False	256581	256582	LATIN	LATIN	GR	GR
wad thxngnphkhun	วัดทองนพคุณ	True	8676751	8676751	LATIN	THAI	TH	TH
Samra	Wadi Samna	False	247005	247006	LATIN	LATIN	JO	JO
jian de qiao	Chien-te Ch'iao	True	6579963	6579963	LATIN	LATIN	TW	TW
Chenār	kwh bn gr	False	404189	404230	LATIN	LATIN	IR	IR
Morghdari-ye Abu ol Qasem Ashtari	مرغداری ابوالقاسم اشبری	True	8439999	8439999	LATIN	ARABIC	IR	IR
Hsia-ta-lin	da li zhen	False	1814054	1814056	LATIN	LATIN	CN	CN
Ørjedalsfjellet	Aarhtsije	True	9140860	9140860	LATIN	LATIN	NO	NO
Biţāḩ al Farāsh	سيفين	False	11129573	11129574	LATIN	ARABIC	JO	JO
Bol’shoy Vashkur	Большой Вашкор	True	572791	572791	LATIN	CYRILLIC	RU	RU
Beniliper Island	Baraiasi	False	2082312	2082314	LATIN	LATIN	FM	FM
yuan zhuang zi	Yuanzhuangzi	True	10647712	10647712	LATIN	LATIN	CN	CN
Pora-ri	Polan	False	1838759	1838760	LATIN	LATIN	KR	KR
Tebenyak	Tebenjak	True	7605235	7605235	LATIN	LATIN	RU	RU
Priozernyy	Ozero Krivil’dy	False	1541184	1541185	LATIN	LATIN	RU	RU
sthani xnamay tabl rang phikul	Sathani Anamai Tambon Rang Phikun	True	8138370	8138370	LATIN	LATIN	TH	TH
Fiordo Bután	Cerro Butahuau	False	3897664	3897668	LATIN	LATIN	CL	CL
Doab	Ab-e Do Ab	True	136079	136079	LATIN	LATIN	IR	IR
Darmāngāh-e Valī	Shahr Qā‘em	False	8375086	8375087	LATIN	LATIN	IR	IR
Sathani Anamai Nong Pru	สถานีอนามัยหนองปรู	True	9108615	9108615	LATIN	THAI	TH	TH
wad ban yang cxng	Wat Phai Si Thong	False	8680447	8680448	LATIN	LATIN	TH	TH
Jhāg Kas	Jhār Kas	True	1415137	1415137	LATIN	LATIN	PK	PK
Laröd	Larkimpakte	False	2696942	2696943	LATIN	LATIN	SE	SE
Jingmei Guojhong	Ching-mei Kuo-chung	True	6643516	6643516	LATIN	LATIN	TW	TW
Shangtun	Xiangshi	False	10407199	10407200	LATIN	LATIN	CN	CN
สถานีอนามัยบ้านโป่งปูเฟือง	Sathani Anamai Ban Pong Fu Fueang	True	7421057	7421057	THAI	LATIN	TH	TH
Wādī ash Shammūm	Dahr Shammu	False	267685	267686	LATIN	LATIN	LB	LB
zi shen yuan	资深园	True	7015940	7015940	LATIN	CJK	CN	CN
Jar-e Rubāţak	jr rbatk	False	1128323	1128324	LATIN	LATIN	AF	AF
jr zrd	Jar-e Zard	True	1470821	1470821	LATIN	LATIN	AF	AF
天井湾	Naizijian	False	10412295	10412296	CJK	LATIN	CN	CN
Luojiaying	罗家营	True	10197103	10197103	LATIN	CJK	CN	CN
Yangjich’on	Yangch'on	False	1832943	1832944	LATIN	LATIN	KR	KR
Лягичино	Ljagichino	True	7079419	7079419	CYRILLIC	LATIN	RU	RU
Maykomgen	Maulimberli Qystau	False	608849	608852	LATIN	LATIN	KZ	KZ
Sūlaiman Mahāno	Allāh Dino Mohāna	True	1108040	1108040	LATIN	LATIN	PK	PK
zhao jia yu	xiu ge zhuang	False	9937424	9937425	LATIN	LATIN	CN	CN
高力板	K'o-erh-ch'in-yu-i-chung-ch'i	True	2037242	2037242	CJK	LATIN	CN	CN
Ḩoseynābād	Heydarabad	False	44881	44882	LATIN	LATIN	IR	IR
Chāh-e Shōr	چاه شور	True	1124864	1124864	LATIN	ARABIC	AF	AF
"Dem""yanivka"	Dem'yanovka	False	710155	710156	LATIN	LATIN	UA	UA
โรงเรียนวัดอินทราพิบูลย์	Rongrian Wat Inthra Phibun	True	7790272	7790272	THAI	LATIN	TH	TH
Tyrey	Pad' Zinkovskaja	False	7904682	7904683	LATIN	LATIN	RU	RU
Jhongcingcyue	Chung-ching-chueh	True	1677467	1677467	LATIN	LATIN	TW	TW
fu qiao cun	Huanshancun	False	10414112	10414113	LATIN	LATIN	CN	CN
Tangwānīwāla	Tangiwala	True	1391882	1391882	LATIN	LATIN	PK	PK
kwh ylaq	Yekshaveh	False	111777	111779	LATIN	LATIN	IR	IR
Akra Nisaki	Ákra Nisáki	True	256391	256391	LATIN	LATIN	GR	GR
bonlidong	고산3동	False	8692209	8692210	LATIN	CJK	KR	KR
ban kud nang thxhuk	บ้านกุดนางทอหูก	True	1617274	1617274	LATIN	THAI	TH	TH
Xom 3	Xom Chin	False	10200954	10200956	LATIN	LATIN	VN	VN
Шатійон-сюр-Лізон	Chatillon-sur-Lison	True	6616205	6616205	CYRILLIC	LATIN	FR	FR
Xinjian Xiang	大众乡	False	8512519	8512520	LATIN	CJK	CN	CN
shi qiao deng	石桥邓	True	7741091	7741091	LATIN	CJK	CN	CN
`Ayn ash Sharqi	shrqanly	False	164421	164422	LATIN	LATIN	SY	SY
sha da tong	Shadatong	True	10222084	10222084	LATIN	LATIN	CN	CN
Tomitomari Zaki	Tomari-saki	False	2120524	2120527	LATIN	LATIN	JP	JP
黄花村	huang hua cun	True	10907552	10907552	CJK	LATIN	CN	CN
Blłóta	shi pu lun ha gen	False	2830098	2830100	LATIN	LATIN	DE	DE
Sukapo	Sugup'o	True	2040352	2040352	LATIN	LATIN	KP	KP
Yŏnghyang-ni	Yonfaa Retto	False	1832216	1832217	LATIN	LATIN	KR	KR
Ouâdi el Miess	wady almas	True	162707	162707	LATIN	LATIN	SY	SY
da ga	Liesuoka	False	10263556	10263557	LATIN	LATIN	CN	CN
ka ni a ke di ke si	Kan'jak-dju-Koss	True	6449222	6449222	LATIN	LATIN	FR	FR
Vuolit Dapmotjavri	Njullosvagajavri	False	9042550	9042552	LATIN	LATIN	NO	NO
利林咀	Lilinzui	True	6929047	6929047	CJK	LATIN	CN	CN
Okimura	Okidate Gawa	False	2128726	2128727	LATIN	LATIN	JP	JP
Gedges  Arrecife	Gedges Rocks	True	6633720	6633720	LATIN	LATIN	AQ	AQ
Chungsan	Kurŭmŏgu	False	1888994	1888996	LATIN	LATIN	KP	KP
Rio Momboy	Rio Mombuy	True	3632108	3632108	LATIN	LATIN	VE	VE
佟家务村	dong ban bi dian cun	False	10313193	10313194	CJK	LATIN	CN	CN
Darrahe Seberghan	Darreh-ye Sheberghān	True	1470281	1470281	LATIN	LATIN	AF	AF
Slavyanka	Siyəzən	False	584953	584954	LATIN	LATIN	AZ	AZ
اسکچک	askchk	True	7491217	7491217	ARABIC	LATIN	AF	AF
江西村	nan shan	False	1992014	1992015	CJK	LATIN	CN	CN
Chicombori	Chikombore	True	894063	894063	LATIN	LATIN	ZW	ZW
long xing zhuang	song ling qu	False	8051553	8051573	LATIN	LATIN	CN	CN
naehwangje	Naehwang-je	True	6876223	6876223	LATIN	LATIN	KR	KR
Šolās Darrah	Ūjīkayl	False	1468205	1468206	LATIN	LATIN	AF	AF
xia ben shan ding	下本山町	True	9983689	9983689	LATIN	CJK	JP	JP
Μπράντον	brntfwrd  antaryw	False	5907896	5907990	GREEK	LATIN	CA	CA
Ra’s Anfah	Ra's Anfah	True	278927	278927	LATIN	LATIN	LB	LB
Durbes novads	Vainode	False	7628304	7628307	LATIN	LATIN	LV	LV
Vayakkarai	Vaiyakkarai	True	1225194	1225194	LATIN	LATIN	LK	LK
老茶庵	Houtang	False	9614589	9614590	CJK	LATIN	CN	CN
คลองหลา	Khlong La	True	1596159	1596159	THAI	LATIN	TH	TH
Aït el Aouni	Ait Laayaf	False	2560088	2560090	LATIN	LATIN	MA	MA
הר עזיהו	Jebel Abu Alaliq	True	293272	293272	HEBREW	LATIN	IL	IL
Al Shaharin	Ghadīr al ‘Ashshah	False	108277	108278	LATIN	LATIN	SA	SA
Shuangban	shuang ban	True	9900936	9900936	LATIN	LATIN	CN	CN
Caña Félix	Las Canas	False	3510464	3510467	LATIN	LATIN	DO	DO
Agia Phoka	Cape Vourkos	True	263952	263952	LATIN	LATIN	GR	GR
Al Waḩdah aş Şiḩḩīyah ‘Aynāt	whdt shyt almjashr	False	7449355	7449356	LATIN	LATIN	YE	YE
dang yi	Dangyi	True	10046288	10046288	LATIN	LATIN	CN	CN
Maricchio Bay	Margečani	False	3195502	3195510	LATIN	LATIN	HR	HR
何包落	he bao luo	True	10018845	10018845	CJK	LATIN	CN	CN
Primetnyy Kholm	Mys Primetnyy	False	2121834	2121835	LATIN	LATIN	RU	RU
rykw	Rugu	True	118491	118491	LATIN	LATIN	IR	IR
บ้านโคกสว่าง	Ban Khok Sawang	False	1617827	1617828	THAI	LATIN	TH	TH
dong gang san ze	ひがしおかみさわ	True	8395241	8395241	LATIN	CJK	JP	JP
Haji Rahim Kelay	Khadzhikutan	False	1140307	1140308	LATIN	LATIN	AF	AF
Fetigny  village	Fetigny, village	True	10398975	10398975	LATIN	LATIN	CH	CH
Малкас	Urochishche Sredneye	False	1537132	1537134	CYRILLIC	LATIN	RU	RU
Fararanga	Penrhyn	True	4031139	4031139	LATIN	LATIN	CK	CK
Bofor-an-Valle	Beaufort-en-Santerre	False	3034309	3034310	LATIN	LATIN	FR	FR
Chiu-she	jiu she	True	1677784	1677784	LATIN	LATIN	TW	TW
Frederiksgård	Frederiksbjaerg	False	2621931	2621940	LATIN	LATIN	DK	DK
Lučenský Potok	Kriváň	True	3058985	3058985	LATIN	LATIN	SK	SK
Бекельдеуль	Levyy Minzhak	False	7565722	7565723	CYRILLIC	LATIN	RU	RU
부개초등학교	bugaechodeunghaggyo	True	11233160	11233160	CJK	LATIN	KR	KR
banna luk	Ban Na Launa	False	1616341	1616342	LATIN	LATIN	TH	TH
Ch'a-lu-chieh	cha lu zhen	True	1815816	1815816	LATIN	LATIN	CN	CN
مُلك آباد	قلعه مرغ	False	404504	404505	ARABIC	ARABIC	IR	IR
xia zhuang	Xiazhuang	True	10320674	10320674	LATIN	LATIN	CN	CN
Lüguangying	挪者大寨	False	10156432	10156433	LATIN	CJK	CN	CN
yang shu gou	Yangshugou	True	9991890	9991890	LATIN	LATIN	CN	CN
da xing tun	bei an shi yan nong chang qi dui	False	8543912	8543913	LATIN	LATIN	CN	CN
Kunghang-ni	Hwalmok	True	1842089	1842089	LATIN	LATIN	KR	KR
Darreh-ye Namazgah	Ильмурадбай	False	1467658	1467659	LATIN	CYRILLIC	AF	AF
Ozero Kezenoyam	Ozero Kjozenojam	True	550894	550894	LATIN	LATIN	RU	RU
tal shaghal	Shaghāl	False	116072	116073	LATIN	LATIN	IR	IR
Tahānah-ye Mākakī	تهانه ماککی	True	1436275	1436275	LATIN	ARABIC	AF	AF
Val'vin'er	Vaudavents	False	6425874	6425876	LATIN	LATIN	FR	FR
Yeni Daskand	Yeni Daşkənd	True	824052	824052	LATIN	LATIN	AZ	AZ
Ake Gojamu	Tanjung Goyamadu	False	1643801	1643802	LATIN	LATIN	ID	ID
Bibyeonggol	bibyeong-gol	True	1839184	1839184	LATIN	LATIN	KR	KR
Bol’shaya Inya	Ozero Bol'shaya Indra	False	1509754	1509755	LATIN	LATIN	RU	RU
ce bu nong	测部弄	True	9088743	9088743	LATIN	CJK	CN	CN
كوه سريجان	سپارده	False	9924	9925	ARABIC	ARABIC	IR	IR
Khodzhaab	Khwājah Āb	True	1136338	1136338	LATIN	LATIN	AF	AF
Breme	بريمن	False	2944387	2944388	LATIN	ARABIC	DE	DE
gwan-yangjunghaggyo	관양중학교	True	6572374	6572374	LATIN	CJK	KR	KR
Зяркин	Станция Фридман	False	6422828	6422830	CYRILLIC	CYRILLIC	RU	RU
Huai I Kang	hwy xi kang	True	7788683	7788683	LATIN	LATIN	TH	TH
Store Egeroy	Litla Fugloyna	False	9063922	9063927	LATIN	LATIN	NO	NO
sabil de Mohammad Katkhoda	sabīl Muḥammad katkhudā mustaḥfiẓān	True	8618016	8618016	LATIN	LATIN	EG	EG
Dobroplësy	Dabramysli	False	629029	629030	LATIN	LATIN	BY	BY
Hondok ir Rummien	Hondok il Rummien	True	2562441	2562441	LATIN	LATIN	MT	MT
Ban Nong Phikun	บ้านโป่งขาม	False	8387094	8387095	LATIN	THAI	TH	TH
บ้านพูลทรัพย์	ban phul thraphy	True	9198571	9198571	THAI	LATIN	TH	TH
Sinna Wanarajah	South Pundaloya	False	1227615	1227616	LATIN	LATIN	LK	LK
Krymzarajkino	Krymzaraykino	True	540242	540242	LATIN	LATIN	RU	RU
Leont'yevskoye	Darkushkazmaljar	False	828043	828044	LATIN	LATIN	RU	RU
Nijūkugō	higashino	True	2130098	2130098	LATIN	LATIN	JP	JP
Bashqāl Rawand	jwnan	False	445688	445690	LATIN	LATIN	IQ	IQ
sai li ye er	Ser'e	True	6427660	6427660	LATIN	LATIN	FR	FR
hachioujimachi	南熊本	False	11209867	11209868	LATIN	CJK	JP	JP
Shuang-tung-hsiang	Shuangdongciang	True	6649129	6649129	LATIN	LATIN	TW	TW
misasagieki	Kurama-eki	False	7560926	7560927	LATIN	LATIN	JP	JP
Al Waqīd	Al-Wužîd	True	108768	108768	LATIN	LATIN	SA	SA
Ostrov Zelenets	Pristan’ Glinyanyy Mys	False	8253051	8253052	LATIN	LATIN	RU	RU
Guidong	gui dong	True	9941123	9941123	LATIN	LATIN	CN	CN
Rudaih	Jabal Mahdad	False	71425	71428	LATIN	LATIN	YE	YE
Askilan	Askılan	True	441336	441336	LATIN	LATIN	TR	TR
jian guo san cun	Chien-kuo I-ts'un	False	1678501	1678502	LATIN	LATIN	TW	TW
Vengruvas	Wegrow	True	7532693	7532693	LATIN	LATIN	PL	PL
Lotat	"Lar""yegan"	False	1500841	1500843	LATIN	LATIN	RU	RU
段家湾	duan jia wan	True	10158737	10158737	CJK	LATIN	CN	CN
guan zhuang	yang geng nong chang	False	8227491	8227492	LATIN	LATIN	CN	CN
Maech'on-ni	Maech’on-ni	True	1867348	1867348	LATIN	LATIN	KP	KP
Jaltur	Jalrayz	False	1139682	1139683	LATIN	LATIN	AF	AF
Uspenje	Uspen'ye	True	478172	478172	LATIN	LATIN	RU	RU
qiao xia	chen jia ju	False	7644362	7644363	LATIN	LATIN	CN	CN
بير معمر	Bi'r Mu'ammar	True	7789637	7789637	ARABIC	LATIN	YE	YE
Chihil Kapah-ye Larkhaw	Cehel Kand	False	1145165	1145166	LATIN	LATIN	AF	AF
Ukelat	Ukelayat	True	2125984	2125984	LATIN	LATIN	RU	RU
Dolgij Kljuch	Ostrov Dolgiy	False	1507302	1507304	LATIN	LATIN	RU	RU
Новая Деревня	Novaja Derevnja	True	7512601	7512601	CYRILLIC	LATIN	RU	RU
عين البيضة	عين البيضاء	False	172243	172244	ARABIC	ARABIC	SY	SY
Talahao Xiang	ta la hao	True	8648819	8648819	LATIN	LATIN	CN	CN
Ra’s Sharbathāt	Sharbithat	False	286459	286460	LATIN	LATIN	OM	OM
Yurty Ozernyye	Ust-Ozernoje	True	1488121	1488121	LATIN	LATIN	RU	RU
Sandaogou	Dongshichang	False	7915692	7915693	LATIN	LATIN	CN	CN
Caserio Montgrony	Montgrony	True	3116291	3116291	LATIN	LATIN	ES	ES
Daman	평촌교	False	11175011	11175012	LATIN	CJK	KR	KR
Afonas'evskij	Afonasievskij	True	1512131	1512131	LATIN	LATIN	RU	RU
Baegunsa	duninsil	False	6888756	6888757	LATIN	LATIN	KR	KR
Schönwalde	Schonwalde	True	2836447	2836447	LATIN	LATIN	DE	DE
猿ヶ平	Komori Kōgen Bokujō	False	8553622	8553640	CJK	LATIN	JP	JP
Al Ḩawwī	Al Hawwi	True	8020556	8020556	LATIN	LATIN	YE	YE
Egriqayeh	aystgah snkhwast	False	6340	6341	LATIN	LATIN	IR	IR
الجنوبية	Al Janubiyah	True	11058136	11058136	ARABIC	LATIN	YE	YE
ذرميتان	glk	False	406171	406172	ARABIC	LATIN	IR	IR
پاسگاه مرزی قلقه	Pasgah-e Marzi-ye Qolqohe	True	6709496	6709496	ARABIC	LATIN	IR	IR
Mazra`eh-i-`Askar	Mazra`eh-i-Agha	False	67521	67522	LATIN	LATIN	IR	IR
Mazra‘at al Ḩanafīyah	Mazraat el Hannfîyé	True	166961	166961	LATIN	LATIN	SY	SY
ban san sli	ban hx ngk xm wng	False	8218521	8218522	LATIN	LATIN	TH	TH
Appennino Settentrionale	Appennini Settentrionale	True	3182970	3182970	LATIN	LATIN	IT	IT
Роятин	Starij Poric'k	False	8424043	8424459	CYRILLIC	LATIN	UA	UA
Emamzadeh Mohammad-e Masih	amamzadh mhmd msyh	True	7453946	7453946	LATIN	LATIN	IR	IR
Jar-e Zāghak	Tūp-e Sorkh	False	1447545	1447546	LATIN	LATIN	AF	AF
บ้านทรายขาว	Ban Sai Khao	True	8272314	8272314	THAI	LATIN	TH	TH
Bajenapukhar	Bāje Mazkur	False	1211575	1211576	LATIN	LATIN	BD	BD
Grodzisko Dolne	Gmina Grodzis'ko-Dol'ne	True	7532782	7532782	LATIN	LATIN	PL	PL
هولستون	اسبه نه	False	6744369	6744370	ARABIC	ARABIC	IR	IR
Gross Dembowitz	Dębowiec	True	773314	773314	LATIN	LATIN	PL	PL
Euni	Deungchon	False	6398866	6398867	LATIN	LATIN	KR	KR
کوه کينه چاه بید	Kūh-e Kīneh Chāh Bīd	True	6519	6519	ARABIC	LATIN	IR	IR
Lāmlang	Lamsak	False	39508	39509	LATIN	LATIN	IR	IR
Paso Limon	Rio Paso Limon	True	3823629	3823629	LATIN	LATIN	MX	MX
rongreiyn ban ta sea henux	Matsayit Nu Run Mut Ta Kim	False	7000596	7000597	LATIN	LATIN	TH	TH
Cavaco	Rio Chicotucuto	True	3350183	3350183	LATIN	LATIN	AO	AO
Sovkhoz Komsomolets	Posiolok Opytnyj	False	6607353	6607359	LATIN	LATIN	RU	RU
Jorf	Uad Atui	True	2381307	2381307	LATIN	LATIN	MR	MR
jia gou	Shengou	False	1548876	1548877	LATIN	LATIN	CN	CN
Okolovo	Акалова	True	624214	624214	LATIN	CYRILLIC	BY	BY
mao jia	Shagou	False	9938873	9938874	LATIN	LATIN	CN	CN
Rassegurjakka	Rássegurjohka	True	9791436	9791436	LATIN	LATIN	NO	NO
Ras Buur Gaabo	Bircao	False	63578	63579	LATIN	LATIN	SO	SO
Яровское	Yarovskoye	True	1486332	1486332	CYRILLIC	LATIN	RU	RU
Xiaojinping	ling tou zi	False	7787309	7787310	LATIN	LATIN	CN	CN
문혜초등학교	Munhyechodeunghakgyo	True	9866120	9866120	CJK	LATIN	KR	KR
Ban Nammèng	Ban Nammen	False	1661509	1661510	LATIN	LATIN	LA	LA
Jabal `Akkar	Akka	True	280573	280573	LATIN	LATIN	LB	LB
an ma	jiang xian	False	9925400	9925401	LATIN	LATIN	CN	CN
Darbār Ghunḏêy	دربار غنډۍ	True	1476924	1476924	LATIN	ARABIC	AF	AF
Ar Rabiyah	Askan al Mina'	False	7031378	7031379	LATIN	LATIN	JO	JO
yan li jia	严李家	True	8266412	8266412	LATIN	CJK	CN	CN
Pryamoy	Osetinskij	False	6419538	6419547	LATIN	LATIN	RU	RU
Davvejakka,l	Lille Davvejohka	True	9791566	9791566	LATIN	LATIN	NO	NO
Dacaotan	san shi cun	False	7343353	7343354	LATIN	LATIN	CN	CN
Bi’r Bū Qīlah	Bir Bu Ghila	True	2218170	2218170	LATIN	LATIN	LY	LY
tong le	Chaoyang	False	8464416	8464417	LATIN	LATIN	CN	CN
Маженай	Mazhenaj	True	597180	597180	CYRILLIC	LATIN	LT	LT
zrd pshth	drh asylh	False	8453372	8453373	LATIN	LATIN	IR	IR
Maḩaţţat Ḑakhkh Adīd	Mahattat Dakhkh Adid	True	7374966	7374966	LATIN	LATIN	IQ	IQ
پهنه بر	پَهنوَر	False	121654	121655	ARABIC	ARABIC	IR	IR
Novo-Vladimirovka	Volodimirivka	True	689390	689390	LATIN	LATIN	UA	UA
Hajjiabad	کوه ارچن	False	7052756	7052757	LATIN	ARABIC	IR	IR
Majatas	Mayatas	True	1520950	1520950	LATIN	LATIN	KZ	KZ
Nūr Dulāl	Noor Bozdar	False	1168820	1168823	LATIN	LATIN	PK	PK
aiseru chuan	Isala	True	2753367	2753367	LATIN	LATIN	NL	NL
Il'yetkhura	Гиткоюлин	False	2125561	2125562	LATIN	CYRILLIC	RU	RU
ju xiong	Juxiong	True	7639867	7639867	LATIN	LATIN	CN	CN
Phum Don You	Phum Dâun Yây	False	1828434	1828435	LATIN	LATIN	KH	KH
Shangyao Xiang	shang yao	True	8623560	8623560	LATIN	LATIN	CN	CN
yong xi	Zhongbei	False	7843796	7843797	LATIN	LATIN	CN	CN
rwdkhanh tng lwlayy	Rūdkhāneh-ye Tang-e Lūlā’ī	True	8313767	8313767	LATIN	LATIN	IR	IR
Zīāratgāh-e Seyyed Aḩmad	Cheshmeh-ye Chāy Bolāghī	False	8717875	8717876	LATIN	LATIN	IR	IR
王家咀	Wangjiazui	True	7655783	7655783	CJK	LATIN	CN	CN
Mokhakhes	Majane	False	932590	932597	LATIN	LATIN	LS	LS
rongreiyn wad khlxng thrrm	โรงเรียนวัดคลองธรรม	True	8344584	8344584	LATIN	THAI	TH	TH
Cacheo River	Calhaquê	False	2374310	2374315	LATIN	LATIN	GW	GW
Banados de Chadileufu	Bañados del Chadileuvú	True	3861858	3861858	LATIN	LATIN	AR	AR
Huangya	xu tuan zhuang	False	9133380	9133381	LATIN	LATIN	CN	CN
Huai Makham	hwy makham	True	7075384	7075384	LATIN	LATIN	TH	TH
سنگ کار	سنگان وسط	False	117541	117542	ARABIC	ARABIC	IR	IR
دره فرفری	Darreh-ye Farfarī	True	8595373	8595373	ARABIC	LATIN	IR	IR
Curlin	Široka Padina	False	8548542	8548543	LATIN	LATIN	MK	MK
Bjorneskjer	Bjørneskjaer	True	3257961	3257961	LATIN	LATIN	NO	NO
Дом Инвалидов	Rinovskiy	False	7750388	7750389	CYRILLIC	LATIN	RU	RU
Sarvazal	Sărvăzăl	True	667942	667942	LATIN	LATIN	RO	RO
บ้านโนนไม้งาม	บ้านโนนงูเหลือม	False	9109059	9109060	THAI	THAI	TH	TH
Vak'sajav'ri	Vaksajavrre	True	777054	777054	LATIN	LATIN	NO	NO
Qarn el Qoumqoûm	Aïn Qoumqoûm	False	165709	165710	LATIN	LATIN	SY	SY
Sel’mash	Сельмаш	True	1540874	1540874	LATIN	CYRILLIC	RU	RU
小户弄	li jia zhai	False	9939571	9939572	CJK	LATIN	CN	CN
Siashuangsi	Hsia-shuang-hsi	True	1675478	1675478	LATIN	LATIN	TW	TW
wad kæw canthraram	wad khoksarong	False	9198731	9198732	LATIN	LATIN	TH	TH
Yıldız	Yıldızköy	True	296716	296716	LATIN	LATIN	TR	TR
Хайроваям	Аюливаям	False	2116496	2116498	CYRILLIC	CYRILLIC	RU	RU
Quebrada La Gomez	Quebrada Gomez	True	8261768	8261768	LATIN	LATIN	CO	CO
Серебрено	Kudryavka	False	7610917	7610918	CYRILLIC	LATIN	RU	RU
บ้านวังยาว สอง	Ban Wang Yao Song	True	8205461	8205461	THAI	LATIN	TH	TH
土车沟	西砂湖	False	10373064	10373065	CJK	CJK	CN	CN
Rio Camaquã Chico	Rio Camaquã	True	3468012	3468012	LATIN	LATIN	BR	BR
Beuzec-Conq-Bourg	bo ze ke ka xi zan	False	3032897	3032898	LATIN	LATIN	FR	FR
غور آباد	Ghōṟābāḏ	True	1472971	1472971	ARABIC	LATIN	AF	AF
rui ling tai	Tangjiazui	False	10324048	10324049	LATIN	LATIN	CN	CN
Ziaïna	Ziarna	True	2525984	2525984	LATIN	LATIN	MA	MA
mang jian	guang dong	False	9987061	9987062	LATIN	LATIN	CN	CN
Углы Вторые	Ugly Vtorye	True	8539439	8539439	CYRILLIC	LATIN	BY	BY
huang jia jing shui ku	卅八都	False	7065533	7065534	LATIN	CJK	CN	CN
周岗子	zhou gang zi	True	9120540	9120540	CJK	LATIN	CN	CN
장승개	Changsungch'on	False	1846348	1846349	CJK	LATIN	KR	KR
Himematsu-eki	ひめまつえき	True	7560228	7560228	LATIN	CJK	JP	JP
Lleyn Peninsula	Lanurtid Uels	False	2643887	2643905	LATIN	LATIN	GB	GB
shrkt srmk	Sherkat-e Sarmak	True	7407004	7407004	LATIN	LATIN	IR	IR
Al `Ubayd	Aradi Abu `Arab	False	6735817	6735818	LATIN	LATIN	IQ	IQ
Qaryat ad Dahlikiyah	قريةالدهلكية	True	6835556	6835556	LATIN	ARABIC	IQ	IQ
Kūh-e Chāh Derāz	Īstgāh-e Jenerāl	False	6981174	6981175	LATIN	LATIN	IR	IR
دشت جهنم	Dašte Jahanum	True	1139744	1139744	ARABIC	LATIN	AF	AF
Tawi	Tawa	False	1254828	1254829	LATIN	LATIN	IN	IN
Gusevo rajonas	Гусевский Район	True	557841	557841	LATIN	CYRILLIC	RU	RU
Kozinka	Kozina	False	1502240	1502241	LATIN	LATIN	RU	RU
Hawtah	Hauta	True	109618	109618	LATIN	LATIN	SA	SA
Frostlokkja	Kåsløkkja	False	9432366	9432392	LATIN	LATIN	NO	NO
Darreh-ye Maryamī	Darreh-ye Maryami	True	8439187	8439187	LATIN	LATIN	IR	IR
Ploche	Nivista	False	8695439	8695440	LATIN	LATIN	MK	MK
สำนักสงฆ์วัดป่าเจริญธรรม	Samnaksong Wat Pa Charoen Tham	True	8460481	8460481	THAI	LATIN	TH	TH
Saint-Sauveur-Lalande	Sent Trian	False	6429620	6429626	LATIN	LATIN	FR	FR
zhao jia po	赵家坡	True	7519671	7519671	LATIN	CJK	CN	CN
Suja Ahmad	مستان خونې	False	1435719	1435720	LATIN	ARABIC	AF	AF
Shamma	Shammā	True	420867	420867	LATIN	LATIN	SY	SY
hou nei yi	Ikeda-eki	False	7547827	7547828	LATIN	LATIN	JP	JP
Huangxing	huang xing	True	9901500	9901500	LATIN	LATIN	CN	CN
Брокен Ароу	Броукэн Боу	False	4531405	4531414	CYRILLIC	CYRILLIC	US	US
Val'floriana	Comune di Valfloriana	True	6542643	6542643	LATIN	LATIN	IT	IT
Omnåssætra	Berdalssaetra	False	9833805	9833807	LATIN	LATIN	NO	NO
Lianghe	liang he zhen	True	10260195	10260195	LATIN	LATIN	CN	CN
Malianwan	lu jia gou	False	10429597	10429598	LATIN	LATIN	CN	CN
Zak	Zak Rivier	True	958202	958202	LATIN	LATIN	ZA	ZA
Andornaktálya Felső Vasúti Megállóhely	Kis Andaháza-puszta	False	722871	722874	LATIN	LATIN	HU	HU
Άκρα Πούντα	Akra Pounda	True	254775	254775	GREEK	LATIN	GR	GR
rongreiyn ban sra krwd	Rongrian Ban Thung Setthi	False	8565774	8565775	LATIN	LATIN	TH	TH
Jizibu	ji zi bu	True	8651776	8651776	LATIN	LATIN	CN	CN
Mowu	麻利坡	False	10036050	10036051	LATIN	CJK	CN	CN
Qal`ah-ye Nuh Burjah	Nohborjeh	True	1469294	1469294	LATIN	LATIN	AF	AF
Mingkou Zhen	Mingjiaosi	False	1800508	1800509	LATIN	LATIN	CN	CN
hua qing	Huaqing	True	10944065	10944065	LATIN	LATIN	CN	CN
drh anjyr	Kūh-e Lam Dar	False	8367127	8367128	LATIN	LATIN	IR	IR
Ain el Ghouaibe	Aïn el Ghouaïbé	True	8622002	8622002	LATIN	LATIN	LB	LB
Dongshan	水口里	False	7065120	7065121	LATIN	CJK	CN	CN
Qanāt at Tūnīyah	قناة التونية	True	6739238	6739238	LATIN	ARABIC	IQ	IQ
Osawano-cho	Ōsawa-dake	False	1853828	1853829	LATIN	LATIN	JP	JP
Πλατανάκια	Platanákia	True	734590	734590	GREEK	LATIN	GR	GR
Qā‘at ash Sharaf	Immigration and Passport Building	False	8506651	8506652	LATIN	LATIN	SY	SY
Durgótanya	Durkotanya	True	3053425	3053425	LATIN	LATIN	HU	HU
Dragsjøn	Dragsjoen	False	2717305	2717306	LATIN	LATIN	SE	SE
Saṟsabīl	سر سبيل	True	1126843	1126843	LATIN	ARABIC	AF	AF
Wat Ban Hua Bo	wad ban ma heluxm	False	8682556	8682557	LATIN	LATIN	TH	TH
Nādī Shabāb al ‘Aqabah	نادي شباب العقبة	True	11191555	11191555	LATIN	ARABIC	JO	JO
چشمه دزدان	کوه بکندی	False	9640403	9640404	ARABIC	ARABIC	IR	IR
Jakimovichi	Yakimovichi	True	8282180	8282180	LATIN	LATIN	BY	BY
shah mrad	dh gmy	False	7075713	7075714	LATIN	LATIN	IR	IR
Taghaneh Tork	Ţaghāneh Tork	True	6899792	6899792	LATIN	LATIN	IR	IR
شاهزاده احمد مختار	امامزاده جعفر	False	7635758	7635759	ARABIC	ARABIC	IR	IR
Jianziping	剪子坪	True	7373019	7373019	LATIN	CJK	CN	CN
Siyah Qarqaran	Suzanli	False	6657428	6657429	LATIN	LATIN	IR	IR
Puerto Berrío	پورتو برریو	True	3671541	3671541	LATIN	ARABIC	CO	CO
Khlong Bang Prong	Khlong Bamron	False	7925847	7925848	LATIN	LATIN	TH	TH
Mo'nes	mwns	True	123079	123079	LATIN	LATIN	IR	IR
クレモザーノ	fiesuko	False	6543217	6543218	CJK	LATIN	IT	IT
Hou-kao-t'un	hou gao tou	True	2045539	2045539	LATIN	LATIN	CN	CN
دِرياس	Tekānlūjeh	False	410450	410456	ARABIC	LATIN	IR	IR
Rancheria Guazárachi	Guasarachic	True	4005128	4005128	LATIN	LATIN	MX	MX
Gājān Wāh	Mesh Kushi Nāla	False	7027633	7027638	LATIN	LATIN	PK	PK
Kōhe Awḏaṟā	Kōh-e Āb Darah	True	1449654	1449654	LATIN	LATIN	AF	AF
Sultandere Koyu	Sultandağı	False	300199	300201	LATIN	LATIN	TR	TR
Cheshmeh Lāleh	Cheshmeh Laleh	True	27640	27640	LATIN	LATIN	IR	IR
گزتک	گزیدری علیا	False	133706	133707	ARABIC	ARABIC	IR	IR
kwh bsrw	Kūh-e Basrū	True	141106	141106	LATIN	LATIN	IR	IR
Alekseevka	Aleksejevka	False	582909	582910	LATIN	LATIN	RU	RU
Хорошево	Khorosjevo	True	549480	549480	CYRILLIC	LATIN	RU	RU
El Aalali	Qurnat al ‘Alālah	False	280536	280537	LATIN	LATIN	LB	LB
Vorontsovka	Воронцовка	True	808229	808229	LATIN	CYRILLIC	RU	RU
Tordillo	T. Yofré	False	3427709	3427712	LATIN	LATIN	AR	AR
Durrān	Duran	True	1179426	1179426	LATIN	LATIN	PK	PK
Гордеевская	Бригада Номер Один Совхоза Золотой Колос	False	11135382	11135383	CYRILLIC	CYRILLIC	KZ	KZ
Tsurvena Yabulka	Curvena Jabulka	True	726205	726205	LATIN	LATIN	BG	BG
Suspiros Bay	Svart Mountain	False	6626304	6626317	LATIN	LATIN	AQ	AQ
Arake	huang mao	True	10208773	10208773	LATIN	LATIN	JP	JP
niu ji keng	zhang cheng	False	7741301	7741302	LATIN	LATIN	CN	CN
Taluskylä	Taluskylae	True	635013	635013	LATIN	LATIN	FI	FI
دینوج	Asbandī	False	7350721	7350722	ARABIC	LATIN	IR	IR
jing ben	Ibaramoto	True	9291851	9291851	LATIN	LATIN	JP	JP
Al Hakimah	`Alayan	False	7685412	7685413	LATIN	LATIN	YE	YE
Darreh-ye Avbar	Darreh-ye Āvbār	True	6709163	6709163	LATIN	LATIN	IR	IR
Аудекерк	Amsterdamgo errege-erreginen jauregia	False	6951692	6951693	CYRILLIC	LATIN	NL	NL
Zīārat	Deh Zeyārāt	True	1159269	1159269	LATIN	LATIN	IR	IR
Озеро Лужица	Glubokij	False	7610954	7610955	CYRILLIC	LATIN	RU	RU
دبستان سعادت آباد	Dabestān-e Sa‘ādatābād	True	11220681	11220681	ARABIC	LATIN	IR	IR
Mansurabad	Manşūrābād	False	124940	124941	LATIN	LATIN	IR	IR
mhmd almwsy	عرب محمد موسى	True	6837481	6837481	LATIN	ARABIC	IQ	IQ
Barbers	Barberkuil	False	1021090	1021097	LATIN	LATIN	ZA	ZA
Rūdkhāneh-ye Faşlī-ye Şāleḩī	رودخانه فصلی صالحی	True	11209639	11209639	LATIN	ARABIC	IR	IR
Sineh Turseki	Poshteh-ye `Ali Jamal	False	9815213	9815214	LATIN	LATIN	IR	IR
アサヒマチ	asahimachi	True	2130627	2130627	CJK	LATIN	JP	JP
Munskaja	Munosero	False	524444	524445	LATIN	LATIN	RU	RU
Caserío Carmona	Carmona	True	2520117	2520117	LATIN	LATIN	ES	ES
Ŏdun-dong	게네미	False	6799370	6799371	LATIN	CJK	KR	KR
中央陸橋	Chung-yang Lu-ch'iao	True	6747957	6747957	CJK	LATIN	TW	TW
Shīr Sorkh	Ziarat Khvajeh Morad	False	1454172	1454175	LATIN	LATIN	AF	AF
Al Maqbarah al Islamiyah al Jadidah	almqbrt alaslamyt aljdydt	True	8067736	8067736	LATIN	LATIN	PS	PS
Nowwala	Derawali	False	1411162	1411168	LATIN	LATIN	PK	PK
수구터	Sugut'o	True	6366492	6366492	CJK	LATIN	KP	KP
บ้านโนนสมบูรณ์	บ้านโนนสง่า	False	7748286	7748287	THAI	THAI	TH	TH
Ессіньї-ле-Гран	Эссиньи-ле-Гран	True	6424893	6424893	CYRILLIC	CYRILLIC	FR	FR
Ban Wang Pong	Sathani Anamai Ban Bo Bia	False	8137665	8137738	LATIN	LATIN	TH	TH
大沟门下	Dagoumenxia	True	7371109	7371109	CJK	LATIN	CN	CN
称佳湾	Jingli	False	8201370	8201379	CJK	LATIN	CN	CN
Ulgasuolluuh	Ulgâsuolluuh	True	10094541	10094541	LATIN	LATIN	FI	FI
Esḩāq	Ba‘īneh-ye Do	False	42443	42444	LATIN	LATIN	IR	IR
บ้านวังมะพลับ	ban wang maphlab	True	8652525	8652525	THAI	LATIN	TH	TH
Xianfeng	hou luan ni wa zi	False	7005644	7005645	LATIN	LATIN	CN	CN
Ri’aqiongmang Bule	ri a qiong mang bu lei	True	9090502	9090502	LATIN	LATIN	CN	CN
mou jia ping	lan gong ping	False	10680944	10680945	LATIN	LATIN	CN	CN
الذُّبَابَات	Jebel edh Dhababat	True	106968	106968	ARABIC	LATIN	SA	SA
hu jia yan	Fengshusun	False	7884426	7884427	LATIN	LATIN	CN	CN
Bulqize	Qyteti i Bulqizës	True	783509	783509	LATIN	LATIN	AL	AL
Jabal al Qaḩāţī	Wadi Qa`fur	False	247655	247657	LATIN	LATIN	JO	JO
Levoye Yashcherevo	Levoye Yashcherovo	True	535428	535428	LATIN	LATIN	RU	RU
Ǵeren	Краљев Рид	False	10337039	10337041	LATIN	CYRILLIC	MK	MK
丹沢山地	Tanzawa-sankai	True	1850624	1850624	CJK	LATIN	JP	JP
Derven Karia	Moschófyton	False	256748	256749	LATIN	LATIN	GR	GR
shi xi	Chengnan	True	1918839	1918839	LATIN	LATIN	CN	CN
msnʿ althlj	Tiles and Mosaic Factory	False	8512060	8512062	LATIN	LATIN	OM	OM
Ban Sang	บ้านสร้าง	True	1613389	1613389	LATIN	THAI	TH	TH
Sefīd Kamar	Qaşşāb	False	1410107	1410108	LATIN	LATIN	AF	AF
ban xu di	Ban U Rai	True	1154110	1154110	LATIN	LATIN	TH	TH
Raz”yezd Stroyka	Stroevskoe	False	487125	487126	LATIN	LATIN	RU	RU
El Conejo	El Consejo	True	3970916	3970916	LATIN	LATIN	MX	MX
Lu-li-la-lo Shan Hsi-feng	盧利拉駱山	False	6748731	6748732	LATIN	CJK	TW	TW
Шумная-ле-Сек	ノワジー＝ル＝セック	True	2990187	2990187	CYRILLIC	CJK	FR	FR
La-Roshett	La-Sel'-le-Bord	False	6456489	6456494	LATIN	LATIN	FR	FR
胡家洞	hu jia dong	True	1991108	1991108	CJK	LATIN	CN	CN
Shabīrān	Bi'r ash Shabib	False	164645	164646	LATIN	LATIN	SY	SY
teng jiu bao	fujikubo	True	8572370	8572370	LATIN	LATIN	JP	JP
Joubb el Oudeihi	jb alghsb	False	168958	168959	LATIN	LATIN	SY	SY
Lahbichat	Oulad Ben Aïcha	True	2550851	2550851	LATIN	LATIN	MA	MA
Dowlatkhānī Kārīz	Shīrjān Chīnah	False	1453639	1453640	LATIN	LATIN	AF	AF
Saytkan	sytkan	True	90657	90657	LATIN	LATIN	IQ	IQ
Kozul'ni	Kuzņecova	False	458371	458372	LATIN	LATIN	LV	LV
Подрядниково	Podrjadnikovo	True	508016	508016	CYRILLIC	LATIN	RU	RU
Kefl	الخوين	False	99137	99140	LATIN	ARABIC	IQ	IQ
Darah al Gharbi	Dara Gharbi	True	170902	170902	LATIN	LATIN	SY	SY
大陆塘	heng dong	False	6859822	6859823	CJK	LATIN	CN	CN
Takhtkūh-e Beyk	Takhtkohe Bēk	True	1123135	1123135	LATIN	LATIN	AF	AF
Zīārat-e Bābā Khvājeh	Zīāratgāh-e Amīr ol Mow’menīn	False	7011984	7011985	LATIN	LATIN	IR	IR
sh kanyan	Seh Kānīān	True	11008282	11008282	LATIN	LATIN	IR	IR
Forêt de Malpaire	Malons	False	2996350	2996356	LATIN	LATIN	FR	FR
Jiougang Daciao	Jiugang Daqiao	True	6600417	6600417	LATIN	LATIN	TW	TW
Oulad Sidi Tlil	Awlād Sīdī Talīl	False	2472944	2472945	LATIN	LATIN	TN	TN
上龙眼	Shanglongyan	True	10034547	10034547	CJK	LATIN	CN	CN
Bayramgulova	Bayrak	False	1510677	1510678	LATIN	LATIN	RU	RU
Gălbezeni	Galbezeni	True	670929	670929	LATIN	LATIN	RO	RO
xia lu jiang	Dazhujiao	False	9902866	9902867	LATIN	LATIN	CN	CN
Kyiva provinco	Obwód kijowski	True	703446	703446	LATIN	LATIN	UA	UA
Cañada Tabiyucua’a	Barranca Teaca’va	False	11214210	11214222	LATIN	LATIN	MX	MX
Абдуллабий	Abdullabij	True	1514733	1514733	CYRILLIC	LATIN	UZ	UZ
Rongrian Ban Chon Muang	rongreiyn bang ka phi pan leis withya	False	9198027	9198028	LATIN	LATIN	TH	TH
drbnd	Darband	True	31956	31956	LATIN	LATIN	IR	IR
kuang shan	qian zhang zhuang	False	7063446	7063447	LATIN	LATIN	CN	CN
شاه حسین ریگ	S̄āh Hosayn Ṟēg	True	1126020	1126020	ARABIC	LATIN	AF	AF
วัดพระเจ้าอุ้ย	Wat Sawang Malai Champa	False	8681469	8681470	THAI	LATIN	TH	TH
Sagiáda	Σαγιάδα	True	254041	254041	LATIN	GREEK	GR	GR
บ้านตาหลง	บ้านตาโงง	False	7013455	7013458	THAI	THAI	TH	TH
Viler-su-Eutie	Villers-sur-Authie	True	2968332	2968332	LATIN	LATIN	FR	FR
nan men	yang gang	False	7756962	7756963	LATIN	LATIN	CN	CN
khlxng na cheiyw	คลองน้ำเชี่ยว	True	1611177	1611177	LATIN	THAI	TH	TH
Zvjagino	Georgiyevskoye	False	7588183	7588185	LATIN	LATIN	RU	RU
Shenjiayu	沈家峪	True	8135415	8135415	LATIN	CJK	CN	CN
Algan	Écueil de l’Algajola	False	3038206	3038207	LATIN	LATIN	FR	FR
Ḩafarah	Afarah	True	292036	292036	LATIN	LATIN	AE	AE
Gunbad-e Bālā	Darya-i-Tāloqān	False	1467686	1467687	LATIN	LATIN	AF	AF
Moie	Lalau Island	True	2105651	2105651	LATIN	LATIN	SB	SB
Suối Giai	Núi Giai	False	1581900	1581903	LATIN	LATIN	VN	VN
Tall al Makhkhāḑ	Tell el Makh-Khâd	True	353023	353023	LATIN	LATIN	EG	EG
Tutunluk	Tötön	False	298705	298707	LATIN	LATIN	TR	TR
khlf alhsn	خلف الحسن	True	6871838	6871838	LATIN	ARABIC	IQ	IQ
ئامێدى	Al ‘Alwīyah	False	99612	99615	ARABIC	LATIN	IQ	IQ
liang tai shang	Liangtaishang	True	10028471	10028471	LATIN	LATIN	CN	CN
asumo qian yi	nagayamaeki	False	7557810	7557811	LATIN	LATIN	JP	JP
Воллопс	Vollops	True	4792008	4792008	CYRILLIC	LATIN	US	US
Shari` Bu Nisan	Bāb al Qiblah Street	False	10349109	10349110	LATIN	LATIN	IQ	IQ
Hasun 'Awiti	Hasūn ‘Awītī	True	95929	95929	LATIN	LATIN	IQ	IQ
Buwange	Bukomansimbe	False	234168	234371	LATIN	LATIN	UG	UG
Tall an Na`urah	Tell el Guine	True	165843	165843	LATIN	LATIN	SY	SY
K'ung-chi	Caopoji	False	1895050	1895058	LATIN	LATIN	CN	CN
Xiaomiaowan	xiao miao wan	True	8525398	8525398	LATIN	LATIN	CN	CN
Loupoundjé	Loupi	False	2229131	2229132	LATIN	LATIN	CM	CM
cheongdong-gol	Ch’ŏngdong-gol	True	6887697	6887697	LATIN	LATIN	KR	KR
Xitou	黄龙溪	False	1983822	1983823	LATIN	CJK	CN	CN
Гущата	Gushchata	True	557838	557838	CYRILLIC	LATIN	RU	RU
Khashm Ahmad Namu	‘Izbat Aḩmad Muşţafá	False	361742	361743	LATIN	LATIN	EG	EG
Tongzui	tong ju	True	8569987	8569987	LATIN	LATIN	CN	CN
Selishte	Seliste	False	617446	617447	LATIN	LATIN	MD	MD
大苗蒋	da miao jiang	True	9121938	9121938	CJK	LATIN	CN	CN
高田東	南加瀬	False	10862248	10862249	CJK	CJK	JP	JP
sitsu gu	四ツ谷	True	10427408	10427408	LATIN	CJK	JP	JP
Chúcaro	El Chonco	False	3620366	3620370	LATIN	LATIN	NI	NI
Urochishche Kochevo	Урочище Кочево	True	8061795	8061795	LATIN	CYRILLIC	RU	RU
Demyakhi	Dëmushkino	False	566650	566651	LATIN	LATIN	RU	RU
朗迁弄	lang qian nong	True	10271767	10271767	CJK	LATIN	CN	CN
Wangshun Goucun	Shenshancun	False	10313621	10313622	LATIN	LATIN	CN	CN
Yukarihacibekir	Yokarıhacıbekir Yaylası	True	296397	296397	LATIN	LATIN	TR	TR
Sokutaş	Söküçayırı Köy	False	739400	739402	LATIN	LATIN	TR	TR
Muhanga	Akarere ka Muhanga	True	7690214	7690214	LATIN	LATIN	RW	RW
Caskilgohppi	Halkokuoppa	False	9607257	9607258	LATIN	LATIN	NO	NO
Preas	Prek Prea	True	1822693	1822693	LATIN	LATIN	KH	KH
Malyj Kolyshlej	Крюковка	False	6315219	6315220	LATIN	CYRILLIC	RU	RU
大山坡	da shan po	True	10185645	10185645	CJK	LATIN	CN	CN
Wadi Zamur	‘Ain ez Zam‘ah	False	281257	281259	LATIN	LATIN	PS	PS
withyalay sarphadchang siphraya	Witthayalai Saraphatchang Si Phaya	True	6909101	6909101	LATIN	LATIN	TH	TH
Jivi	Al Jibal	False	289209	289212	LATIN	LATIN	OM	OM
T'eng-ko-li-o-li-ssu	T’eng-ko-li-o-li-ssu	True	1793046	1793046	LATIN	LATIN	CN	CN
Старогумирово	Star.Grjaznoe	False	488827	488828	CYRILLIC	LATIN	RU	RU
Al Ajlal	Qur al Ajlal	True	110186	110186	LATIN	LATIN	SA	SA
潘家庙	kai yuan	False	6863173	6863174	CJK	LATIN	CN	CN
